-- MySQL dump 10.13  Distrib 8.0.42, for Win64 (x86_64)
--
-- Host: 127.0.0.1    Database: hlagdb
-- ------------------------------------------------------
-- Server version	8.0.17

/*!40101 SET @OLD_CHARACTER_SET_CLIENT=@@CHARACTER_SET_CLIENT */;
/*!40101 SET @OLD_CHARACTER_SET_RESULTS=@@CHARACTER_SET_RESULTS */;
/*!40101 SET @OLD_COLLATION_CONNECTION=@@COLLATION_CONNECTION */;
/*!50503 SET NAMES utf8 */;
/*!40103 SET @OLD_TIME_ZONE=@@TIME_ZONE */;
/*!40103 SET TIME_ZONE='+00:00' */;
/*!40014 SET @OLD_UNIQUE_CHECKS=@@UNIQUE_CHECKS, UNIQUE_CHECKS=0 */;
/*!40014 SET @OLD_FOREIGN_KEY_CHECKS=@@FOREIGN_KEY_CHECKS, FOREIGN_KEY_CHECKS=0 */;
/*!40101 SET @OLD_SQL_MODE=@@SQL_MODE, SQL_MODE='NO_AUTO_VALUE_ON_ZERO' */;
/*!40111 SET @OLD_SQL_NOTES=@@SQL_NOTES, SQL_NOTES=0 */;

--
-- Table structure for table `auth_group`
--

DROP TABLE IF EXISTS `auth_group`;
/*!40101 SET @saved_cs_client     = @@character_set_client */;
/*!50503 SET character_set_client = utf8mb4 */;
CREATE TABLE `auth_group` (
  `id` int(11) NOT NULL AUTO_INCREMENT,
  `name` varchar(150) COLLATE utf8mb4_general_ci NOT NULL,
  PRIMARY KEY (`id`),
  UNIQUE KEY `name` (`name`)
) ENGINE=InnoDB DEFAULT CHARSET=utf8mb4 COLLATE=utf8mb4_general_ci;
/*!40101 SET character_set_client = @saved_cs_client */;

--
-- Dumping data for table `auth_group`
--

LOCK TABLES `auth_group` WRITE;
/*!40000 ALTER TABLE `auth_group` DISABLE KEYS */;
/*!40000 ALTER TABLE `auth_group` ENABLE KEYS */;
UNLOCK TABLES;

--
-- Table structure for table `auth_group_permissions`
--

DROP TABLE IF EXISTS `auth_group_permissions`;
/*!40101 SET @saved_cs_client     = @@character_set_client */;
/*!50503 SET character_set_client = utf8mb4 */;
CREATE TABLE `auth_group_permissions` (
  `id` bigint(20) NOT NULL AUTO_INCREMENT,
  `group_id` int(11) NOT NULL,
  `permission_id` int(11) NOT NULL,
  PRIMARY KEY (`id`),
  UNIQUE KEY `auth_group_permissions_group_id_permission_id_0cd325b0_uniq` (`group_id`,`permission_id`),
  KEY `auth_group_permissio_permission_id_84c5c92e_fk_auth_perm` (`permission_id`),
  CONSTRAINT `auth_group_permissio_permission_id_84c5c92e_fk_auth_perm` FOREIGN KEY (`permission_id`) REFERENCES `auth_permission` (`id`),
  CONSTRAINT `auth_group_permissions_group_id_b120cbf9_fk_auth_group_id` FOREIGN KEY (`group_id`) REFERENCES `auth_group` (`id`)
) ENGINE=InnoDB DEFAULT CHARSET=utf8mb4 COLLATE=utf8mb4_general_ci;
/*!40101 SET character_set_client = @saved_cs_client */;

--
-- Dumping data for table `auth_group_permissions`
--

LOCK TABLES `auth_group_permissions` WRITE;
/*!40000 ALTER TABLE `auth_group_permissions` DISABLE KEYS */;
/*!40000 ALTER TABLE `auth_group_permissions` ENABLE KEYS */;
UNLOCK TABLES;

--
-- Table structure for table `auth_permission`
--

DROP TABLE IF EXISTS `auth_permission`;
/*!40101 SET @saved_cs_client     = @@character_set_client */;
/*!50503 SET character_set_client = utf8mb4 */;
CREATE TABLE `auth_permission` (
  `id` int(11) NOT NULL AUTO_INCREMENT,
  `name` varchar(255) COLLATE utf8mb4_general_ci NOT NULL,
  `content_type_id` int(11) NOT NULL,
  `codename` varchar(100) COLLATE utf8mb4_general_ci NOT NULL,
  PRIMARY KEY (`id`),
  UNIQUE KEY `auth_permission_content_type_id_codename_01ab375a_uniq` (`content_type_id`,`codename`),
  CONSTRAINT `auth_permission_content_type_id_2f476e4b_fk_django_co` FOREIGN KEY (`content_type_id`) REFERENCES `django_content_type` (`id`)
) ENGINE=InnoDB AUTO_INCREMENT=89 DEFAULT CHARSET=utf8mb4 COLLATE=utf8mb4_general_ci;
/*!40101 SET character_set_client = @saved_cs_client */;

--
-- Dumping data for table `auth_permission`
--

LOCK TABLES `auth_permission` WRITE;
/*!40000 ALTER TABLE `auth_permission` DISABLE KEYS */;
INSERT INTO `auth_permission` VALUES (1,'Can add log entry',1,'add_logentry'),(2,'Can change log entry',1,'change_logentry'),(3,'Can delete log entry',1,'delete_logentry'),(4,'Can view log entry',1,'view_logentry'),(5,'Can add permission',2,'add_permission'),(6,'Can change permission',2,'change_permission'),(7,'Can delete permission',2,'delete_permission'),(8,'Can view permission',2,'view_permission'),(9,'Can add group',3,'add_group'),(10,'Can change group',3,'change_group'),(11,'Can delete group',3,'delete_group'),(12,'Can view group',3,'view_group'),(13,'Can add user',4,'add_user'),(14,'Can change user',4,'change_user'),(15,'Can delete user',4,'delete_user'),(16,'Can view user',4,'view_user'),(17,'Can add content type',5,'add_contenttype'),(18,'Can change content type',5,'change_contenttype'),(19,'Can delete content type',5,'delete_contenttype'),(20,'Can view content type',5,'view_contenttype'),(21,'Can add session',6,'add_session'),(22,'Can change session',6,'change_session'),(23,'Can delete session',6,'delete_session'),(24,'Can view session',6,'view_session'),(25,'Can add usuarios inventario',7,'add_usuariosinventario'),(26,'Can change usuarios inventario',7,'change_usuariosinventario'),(27,'Can delete usuarios inventario',7,'delete_usuariosinventario'),(28,'Can view usuarios inventario',7,'view_usuariosinventario'),(29,'Can add modelos',8,'add_modelos'),(30,'Can change modelos',8,'change_modelos'),(31,'Can delete modelos',8,'delete_modelos'),(32,'Can view modelos',8,'view_modelos'),(33,'Can add nombres activos',9,'add_nombresactivos'),(34,'Can change nombres activos',9,'change_nombresactivos'),(35,'Can delete nombres activos',9,'delete_nombresactivos'),(36,'Can view nombres activos',9,'view_nombresactivos'),(37,'Can add items activos',10,'add_itemsactivos'),(38,'Can change items activos',10,'change_itemsactivos'),(39,'Can delete items activos',10,'delete_itemsactivos'),(40,'Can view items activos',10,'view_itemsactivos'),(41,'Can add fabricantes',11,'add_fabricantes'),(42,'Can change fabricantes',11,'change_fabricantes'),(43,'Can delete fabricantes',11,'delete_fabricantes'),(44,'Can view fabricantes',11,'view_fabricantes'),(45,'Can add activos',12,'add_activos'),(46,'Can change activos',12,'change_activos'),(47,'Can delete activos',12,'delete_activos'),(48,'Can view activos',12,'view_activos'),(49,'Can add zonas',13,'add_zonas'),(50,'Can change zonas',13,'change_zonas'),(51,'Can delete zonas',13,'delete_zonas'),(52,'Can view zonas',13,'view_zonas'),(53,'Can add usuarios personas',14,'add_usuariospersonas'),(54,'Can change usuarios personas',14,'change_usuariospersonas'),(55,'Can delete usuarios personas',14,'delete_usuariospersonas'),(56,'Can view usuarios personas',14,'view_usuariospersonas'),(57,'Can add proveedores',15,'add_proveedores'),(58,'Can change proveedores',15,'change_proveedores'),(59,'Can delete proveedores',15,'delete_proveedores'),(60,'Can view proveedores',15,'view_proveedores'),(61,'Can add ciudades',16,'add_ciudades'),(62,'Can change ciudades',16,'change_ciudades'),(63,'Can delete ciudades',16,'delete_ciudades'),(64,'Can view ciudades',16,'view_ciudades'),(65,'Can add paises',17,'add_paises'),(66,'Can change paises',17,'change_paises'),(67,'Can delete paises',17,'delete_paises'),(68,'Can view paises',17,'view_paises'),(69,'Can add edificios',18,'add_edificios'),(70,'Can change edificios',18,'change_edificios'),(71,'Can delete edificios',18,'delete_edificios'),(72,'Can view edificios',18,'view_edificios'),(73,'Can add activos',19,'add_activos'),(74,'Can change activos',19,'change_activos'),(75,'Can delete activos',19,'delete_activos'),(76,'Can view activos',19,'view_activos'),(77,'Can add admin paises',20,'add_adminpaises'),(78,'Can change admin paises',20,'change_adminpaises'),(79,'Can delete admin paises',20,'delete_adminpaises'),(80,'Can view admin paises',20,'view_adminpaises'),(81,'Can add areas',21,'add_areas'),(82,'Can change areas',21,'change_areas'),(83,'Can delete areas',21,'delete_areas'),(84,'Can view areas',21,'view_areas'),(85,'Can add nombres areas',22,'add_nombresareas'),(86,'Can change nombres areas',22,'change_nombresareas'),(87,'Can delete nombres areas',22,'delete_nombresareas'),(88,'Can view nombres areas',22,'view_nombresareas');
/*!40000 ALTER TABLE `auth_permission` ENABLE KEYS */;
UNLOCK TABLES;

--
-- Table structure for table `auth_user`
--

DROP TABLE IF EXISTS `auth_user`;
/*!40101 SET @saved_cs_client     = @@character_set_client */;
/*!50503 SET character_set_client = utf8mb4 */;
CREATE TABLE `auth_user` (
  `id` int(11) NOT NULL AUTO_INCREMENT,
  `password` varchar(128) COLLATE utf8mb4_general_ci NOT NULL,
  `last_login` datetime(6) DEFAULT NULL,
  `is_superuser` tinyint(1) NOT NULL,
  `username` varchar(150) COLLATE utf8mb4_general_ci NOT NULL,
  `first_name` varchar(150) COLLATE utf8mb4_general_ci NOT NULL,
  `last_name` varchar(150) COLLATE utf8mb4_general_ci NOT NULL,
  `email` varchar(254) COLLATE utf8mb4_general_ci NOT NULL,
  `is_staff` tinyint(1) NOT NULL,
  `is_active` tinyint(1) NOT NULL,
  `date_joined` datetime(6) NOT NULL,
  PRIMARY KEY (`id`),
  UNIQUE KEY `username` (`username`)
) ENGINE=InnoDB AUTO_INCREMENT=11 DEFAULT CHARSET=utf8mb4 COLLATE=utf8mb4_general_ci;
/*!40101 SET character_set_client = @saved_cs_client */;

--
-- Dumping data for table `auth_user`
--

LOCK TABLES `auth_user` WRITE;
/*!40000 ALTER TABLE `auth_user` DISABLE KEYS */;
INSERT INTO `auth_user` VALUES (1,'pbkdf2_sha256$1000000$H14tPXia5C3dKLsqwzE7l4$xsF4jdNq1+n1wxe3gQKPJ+VhJAbD/KBltnd3OpyAjPk=','2025-11-28 03:50:27.852864',1,'administrador','Eduardo','Duran','aconlledo@vilco.cl',1,1,'2025-08-29 02:40:27.319820'),(10,'pbkdf2_sha256$1000000$WI32rbU41Lz4ewQ5vxUSJ4$efnjdTJ/jpQ2fwStRiv2HnFfZYlYDyBQM9NvmS9qq1g=','2025-10-15 16:23:05.911462',0,'aconlledo','Armando','Conlledo','aconlledo@vilco.cl',1,1,'2025-09-15 22:28:42.818572');
/*!40000 ALTER TABLE `auth_user` ENABLE KEYS */;
UNLOCK TABLES;

--
-- Table structure for table `auth_user_groups`
--

DROP TABLE IF EXISTS `auth_user_groups`;
/*!40101 SET @saved_cs_client     = @@character_set_client */;
/*!50503 SET character_set_client = utf8mb4 */;
CREATE TABLE `auth_user_groups` (
  `id` bigint(20) NOT NULL AUTO_INCREMENT,
  `user_id` int(11) NOT NULL,
  `group_id` int(11) NOT NULL,
  PRIMARY KEY (`id`),
  UNIQUE KEY `auth_user_groups_user_id_group_id_94350c0c_uniq` (`user_id`,`group_id`),
  KEY `auth_user_groups_group_id_97559544_fk_auth_group_id` (`group_id`),
  CONSTRAINT `auth_user_groups_group_id_97559544_fk_auth_group_id` FOREIGN KEY (`group_id`) REFERENCES `auth_group` (`id`),
  CONSTRAINT `auth_user_groups_user_id_6a12ed8b_fk_auth_user_id` FOREIGN KEY (`user_id`) REFERENCES `auth_user` (`id`)
) ENGINE=InnoDB DEFAULT CHARSET=utf8mb4 COLLATE=utf8mb4_general_ci;
/*!40101 SET character_set_client = @saved_cs_client */;

--
-- Dumping data for table `auth_user_groups`
--

LOCK TABLES `auth_user_groups` WRITE;
/*!40000 ALTER TABLE `auth_user_groups` DISABLE KEYS */;
/*!40000 ALTER TABLE `auth_user_groups` ENABLE KEYS */;
UNLOCK TABLES;

--
-- Table structure for table `auth_user_user_permissions`
--

DROP TABLE IF EXISTS `auth_user_user_permissions`;
/*!40101 SET @saved_cs_client     = @@character_set_client */;
/*!50503 SET character_set_client = utf8mb4 */;
CREATE TABLE `auth_user_user_permissions` (
  `id` bigint(20) NOT NULL AUTO_INCREMENT,
  `user_id` int(11) NOT NULL,
  `permission_id` int(11) NOT NULL,
  PRIMARY KEY (`id`),
  UNIQUE KEY `auth_user_user_permissions_user_id_permission_id_14a6b632_uniq` (`user_id`,`permission_id`),
  KEY `auth_user_user_permi_permission_id_1fbb5f2c_fk_auth_perm` (`permission_id`),
  CONSTRAINT `auth_user_user_permi_permission_id_1fbb5f2c_fk_auth_perm` FOREIGN KEY (`permission_id`) REFERENCES `auth_permission` (`id`),
  CONSTRAINT `auth_user_user_permissions_user_id_a95ead1b_fk_auth_user_id` FOREIGN KEY (`user_id`) REFERENCES `auth_user` (`id`)
) ENGINE=InnoDB DEFAULT CHARSET=utf8mb4 COLLATE=utf8mb4_general_ci;
/*!40101 SET character_set_client = @saved_cs_client */;

--
-- Dumping data for table `auth_user_user_permissions`
--

LOCK TABLES `auth_user_user_permissions` WRITE;
/*!40000 ALTER TABLE `auth_user_user_permissions` DISABLE KEYS */;
/*!40000 ALTER TABLE `auth_user_user_permissions` ENABLE KEYS */;
UNLOCK TABLES;

--
-- Table structure for table `django_admin_log`
--

DROP TABLE IF EXISTS `django_admin_log`;
/*!40101 SET @saved_cs_client     = @@character_set_client */;
/*!50503 SET character_set_client = utf8mb4 */;
CREATE TABLE `django_admin_log` (
  `id` int(11) NOT NULL AUTO_INCREMENT,
  `action_time` datetime(6) NOT NULL,
  `object_id` longtext COLLATE utf8mb4_general_ci,
  `object_repr` varchar(200) COLLATE utf8mb4_general_ci NOT NULL,
  `action_flag` smallint(5) unsigned NOT NULL,
  `change_message` longtext COLLATE utf8mb4_general_ci NOT NULL,
  `content_type_id` int(11) DEFAULT NULL,
  `user_id` int(11) NOT NULL,
  PRIMARY KEY (`id`),
  KEY `django_admin_log_content_type_id_c4bce8eb_fk_django_co` (`content_type_id`),
  KEY `django_admin_log_user_id_c564eba6_fk_auth_user_id` (`user_id`),
  CONSTRAINT `django_admin_log_content_type_id_c4bce8eb_fk_django_co` FOREIGN KEY (`content_type_id`) REFERENCES `django_content_type` (`id`),
  CONSTRAINT `django_admin_log_user_id_c564eba6_fk_auth_user_id` FOREIGN KEY (`user_id`) REFERENCES `auth_user` (`id`),
  CONSTRAINT `django_admin_log_chk_1` CHECK ((`action_flag` >= 0))
) ENGINE=InnoDB DEFAULT CHARSET=utf8mb4 COLLATE=utf8mb4_general_ci;
/*!40101 SET character_set_client = @saved_cs_client */;

--
-- Dumping data for table `django_admin_log`
--

LOCK TABLES `django_admin_log` WRITE;
/*!40000 ALTER TABLE `django_admin_log` DISABLE KEYS */;
/*!40000 ALTER TABLE `django_admin_log` ENABLE KEYS */;
UNLOCK TABLES;

--
-- Table structure for table `django_content_type`
--

DROP TABLE IF EXISTS `django_content_type`;
/*!40101 SET @saved_cs_client     = @@character_set_client */;
/*!50503 SET character_set_client = utf8mb4 */;
CREATE TABLE `django_content_type` (
  `id` int(11) NOT NULL AUTO_INCREMENT,
  `app_label` varchar(100) COLLATE utf8mb4_general_ci NOT NULL,
  `model` varchar(100) COLLATE utf8mb4_general_ci NOT NULL,
  PRIMARY KEY (`id`),
  UNIQUE KEY `django_content_type_app_label_model_76bd3d3b_uniq` (`app_label`,`model`)
) ENGINE=InnoDB AUTO_INCREMENT=23 DEFAULT CHARSET=utf8mb4 COLLATE=utf8mb4_general_ci;
/*!40101 SET character_set_client = @saved_cs_client */;

--
-- Dumping data for table `django_content_type`
--

LOCK TABLES `django_content_type` WRITE;
/*!40000 ALTER TABLE `django_content_type` DISABLE KEYS */;
INSERT INTO `django_content_type` VALUES (1,'admin','logentry'),(3,'auth','group'),(2,'auth','permission'),(4,'auth','user'),(5,'contenttypes','contenttype'),(19,'inventariohlag','activos'),(20,'inventariohlag','adminpaises'),(21,'inventariohlag','areas'),(6,'sessions','session'),(12,'tablas','activos'),(16,'tablas','ciudades'),(18,'tablas','edificios'),(11,'tablas','fabricantes'),(10,'tablas','itemsactivos'),(8,'tablas','modelos'),(9,'tablas','nombresactivos'),(22,'tablas','nombresareas'),(17,'tablas','paises'),(15,'tablas','proveedores'),(7,'tablas','usuariosinventario'),(13,'tablas','zonas'),(14,'usuarios','usuariospersonas');
/*!40000 ALTER TABLE `django_content_type` ENABLE KEYS */;
UNLOCK TABLES;

--
-- Table structure for table `django_migrations`
--

DROP TABLE IF EXISTS `django_migrations`;
/*!40101 SET @saved_cs_client     = @@character_set_client */;
/*!50503 SET character_set_client = utf8mb4 */;
CREATE TABLE `django_migrations` (
  `id` bigint(20) NOT NULL AUTO_INCREMENT,
  `app` varchar(255) COLLATE utf8mb4_general_ci NOT NULL,
  `name` varchar(255) COLLATE utf8mb4_general_ci NOT NULL,
  `applied` datetime(6) NOT NULL,
  PRIMARY KEY (`id`)
) ENGINE=InnoDB AUTO_INCREMENT=52 DEFAULT CHARSET=utf8mb4 COLLATE=utf8mb4_general_ci;
/*!40101 SET character_set_client = @saved_cs_client */;

--
-- Dumping data for table `django_migrations`
--

LOCK TABLES `django_migrations` WRITE;
/*!40000 ALTER TABLE `django_migrations` DISABLE KEYS */;
INSERT INTO `django_migrations` VALUES (1,'contenttypes','0001_initial','2025-08-27 23:28:23.289094'),(2,'auth','0001_initial','2025-08-27 23:28:26.019168'),(3,'admin','0001_initial','2025-08-27 23:28:26.582231'),(4,'admin','0002_logentry_remove_auto_add','2025-08-27 23:28:26.607991'),(5,'admin','0003_logentry_add_action_flag_choices','2025-08-27 23:28:26.638260'),(6,'contenttypes','0002_remove_content_type_name','2025-08-27 23:28:27.088577'),(7,'auth','0002_alter_permission_name_max_length','2025-08-27 23:28:27.299061'),(8,'auth','0003_alter_user_email_max_length','2025-08-27 23:28:27.479149'),(9,'auth','0004_alter_user_username_opts','2025-08-27 23:28:27.502332'),(10,'auth','0005_alter_user_last_login_null','2025-08-27 23:28:27.742234'),(11,'auth','0006_require_contenttypes_0002','2025-08-27 23:28:27.755664'),(12,'auth','0007_alter_validators_add_error_messages','2025-08-27 23:28:27.780666'),(13,'auth','0008_alter_user_username_max_length','2025-08-27 23:28:27.938556'),(14,'auth','0009_alter_user_last_name_max_length','2025-08-27 23:28:28.132579'),(15,'auth','0010_alter_group_name_max_length','2025-08-27 23:28:28.296729'),(16,'auth','0011_update_proxy_permissions','2025-08-27 23:28:28.340182'),(17,'auth','0012_alter_user_first_name_max_length','2025-08-27 23:28:28.491615'),(18,'sessions','0001_initial','2025-08-27 23:28:28.738231'),(19,'tablas','0001_initial','2025-08-27 23:29:12.975605'),(20,'usuarios','0001_initial','2025-08-29 02:44:44.429425'),(21,'tablas','0002_alter_activos_options_activos_accounted_and_more','2025-09-02 23:56:54.469012'),(22,'tablas','0003_alter_activos_options','2025-09-02 23:56:54.477364'),(23,'tablas','0004_alter_activos_fcompra_alter_activos_festado','2025-09-03 00:00:29.680961'),(24,'tablas','0005_alter_modelos_nombre','2025-09-03 00:36:57.186686'),(25,'tablas','0006_alter_modelos_fabricante','2025-09-06 17:41:43.662339'),(26,'tablas','0007_alter_activos_building_alter_activos_city_and_more','2025-09-06 17:41:43.694085'),(27,'tablas','0008_remove_modelos_fabricante_alter_activos_fcompra_and_more','2025-09-06 17:41:44.144098'),(28,'tablas','0009_modelos_fabricante','2025-09-06 17:41:44.231854'),(29,'tablas','0010_alter_modelos_options','2025-09-06 17:41:44.242119'),(30,'tablas','0011_alter_activos_accounted','2025-09-08 23:25:49.550956'),(31,'tablas','0012_remove_activos_item_alter_activos_options_and_more','2025-09-10 20:52:06.422281'),(32,'tablas','0013_ciudades_paises_proveedores_edificios_ciudades_pais','2025-09-10 22:28:16.423645'),(33,'tablas','0014_delete_activos','2025-09-10 22:42:25.465595'),(34,'inventariohlag','0001_initial','2025-09-11 00:56:10.196953'),(35,'usuarios','0002_alter_usuariospersonas_options_and_more','2025-09-11 23:01:01.748072'),(36,'usuarios','0003_usuariospersonas_tipoactivo','2025-09-15 16:43:19.095185'),(37,'usuarios','0004_alter_usuariospersonas_options_and_more','2025-09-15 16:55:58.914135'),(38,'inventariohlag','0002_alter_activos_tipo_adminpaises','2025-09-16 00:12:43.145980'),(39,'usuarios','0005_alter_usuariospersonas_estado_and_more','2025-09-16 00:12:43.170299'),(40,'tablas','0015_alter_ciudades_options_alter_paises_options_and_more','2025-09-16 20:05:53.105790'),(41,'inventariohlag','0003_areas_delete_adminpaises','2025-09-16 20:45:08.327721'),(42,'tablas','0016_nombresareas','2025-09-16 21:07:40.737632'),(43,'inventariohlag','0004_alter_areas_options_remove_areas_nombre_and_more','2025-09-16 21:25:35.841662'),(44,'usuarios','0006_alter_usuariospersonas_options_usuariospersonas_area_and_more','2025-09-24 19:58:54.173014'),(45,'inventariohlag','0005_alter_activos_options_activos_sku','2025-09-24 23:25:44.580903'),(46,'usuarios','0007_alter_usuariospersonas_usuario','2025-09-26 21:20:19.774260'),(47,'inventariohlag','0006_delete_activos','2025-10-01 20:36:40.094962'),(48,'inventariohlag','0007_activos','2025-10-01 20:41:38.194343'),(49,'inventariohlag','0008_activos_qr','2025-10-07 23:20:49.542248'),(50,'inventariohlag','0009_alter_activos_options','2025-10-15 16:15:31.112952'),(51,'usuarios','0008_alter_usuariospersonas_area','2025-10-15 16:15:31.351828');
/*!40000 ALTER TABLE `django_migrations` ENABLE KEYS */;
UNLOCK TABLES;

--
-- Table structure for table `django_session`
--

DROP TABLE IF EXISTS `django_session`;
/*!40101 SET @saved_cs_client     = @@character_set_client */;
/*!50503 SET character_set_client = utf8mb4 */;
CREATE TABLE `django_session` (
  `session_key` varchar(40) COLLATE utf8mb4_general_ci NOT NULL,
  `session_data` longtext COLLATE utf8mb4_general_ci NOT NULL,
  `expire_date` datetime(6) NOT NULL,
  PRIMARY KEY (`session_key`),
  KEY `django_session_expire_date_a5c62663` (`expire_date`)
) ENGINE=InnoDB DEFAULT CHARSET=utf8mb4 COLLATE=utf8mb4_general_ci;
/*!40101 SET character_set_client = @saved_cs_client */;

--
-- Dumping data for table `django_session`
--

LOCK TABLES `django_session` WRITE;
/*!40000 ALTER TABLE `django_session` DISABLE KEYS */;
INSERT INTO `django_session` VALUES ('04pfmursk8z50mwl793im2g368aja7dk','.eJxVjEEOwiAURO_C2hCg8KEu3fcM5MMHqRqalHZlvLs06UJn-ebNvJnHfSt-b2n1M7Erk-zyywLGZ6pHQQ-s94XHpW7rHPih8LNtfFoovW6n-3dQsJW-RsxK5KhVTzSgAxkJdowdOaudEWgBBAEMSEaTM4OUchRJZ0VWgWCfL9C5Ntk:1v44ft:KOf1EAsVsg8FL2CPV7K5KTXyojODXsEj3ThbmGPwSTk','2025-10-15 21:47:49.891596'),('08w2rxy83d4nwmsphrvwowsxk9f034f0','.eJxVjDsOwjAQBe_iGlkx_q0p6XMGa9de4wBypDipEHeHSCmgfTPzXiLitta4dV7ilMVFKHH63QjTg9sO8h3bbZZpbusykdwVedAuxznz83q4fwcVe_3WCYofDBvrbNGZg9aZELAgQQBQZ8WZ3MBeAXnyrrgQjNfOKiJiZYN4fwDvUzfx:1uvjgB:PLUh9j1In364PajKaxfeAWbi3AWfmFev-gzZK9PJFtA','2025-09-22 21:45:39.670936'),('0h8vcs113o4hpddqgn0q2ns12enh8ubr','.eJxVjEEOwiAURO_C2hCg8KEu3fcM5MMHqRqalHZlvLs06UJn-ebNvJnHfSt-b2n1M7Erk-zyywLGZ6pHQQ-s94XHpW7rHPih8LNtfFoovW6n-3dQsJW-RsxK5KhVTzSgAxkJdowdOaudEWgBBAEMSEaTM4OUchRJZ0VWgWCfL9C5Ntk:1v1AM2:ZbfeJ3kOO5_LDRjl3qHuzeWd9LuYrSwgZmcP4YrQcfk','2025-10-07 21:15:18.807005'),('0r6jcmvupl6xatuiib89fm41vnaah049','.eJxVjEEOwiAQRe_C2hCgEwZcuvcMZIBBqgaS0q6Md9cmXej2v_f-SwTa1hq2wUuYszgLLU6_W6T04LaDfKd26zL1ti5zlLsiDzrktWd-Xg7376DSqN8aPXnDbMlw5IKgqER04CmDs6YoRIqgYAJljVbaQnYINunJGSSyJN4f43I3Pw:1v6tVT:ala-tjJvkaMEpZMh8JDy0T8tTpdz59_m17Ejws0L93I','2025-10-09 16:58:43.664915'),('0ruhlecumazcr8lhtgki9k7s6chd8vwg','.eJxVjEEOwiAQRe_C2hCgEwZcuvcMZIBBqgaS0q6Md9cmXej2v_f-SwTa1hq2wUuYszgLLU6_W6T04LaDfKd26zL1ti5zlLsiDzrktWd-Xg7376DSqN8aPXnDbMlw5IKgqER04CmDs6YoRIqgYAJljVbaQnYINunJGSSyJN4f43I3Pw:1v6ejB:jg_8Y9u5jbW_JTj4WjrvIrSvPeUTJosk9kVLtrJGc_Y','2025-10-09 01:11:53.448272'),('0tt87m0pyagmvwhvcfz8mjyylipcgnkt','.eJxVjEEOwiAQRe_C2hCgEwZcuvcMZIBBqgaS0q6Md9cmXej2v_f-SwTa1hq2wUuYszgLLU6_W6T04LaDfKd26zL1ti5zlLsiDzrktWd-Xg7376DSqN8aPXnDbMlw5IKgqER04CmDs6YoRIqgYAJljVbaQnYINunJGSSyJN4f43I3Pw:1vOmLC:arWVZQpNaCO-CGVDyzLFUMx_pu36urDLyyi-_ezfw2I','2025-11-28 00:58:02.404908'),('0ttug8micij15597chcl4xrrf5d9w6ue','.eJxVjMEOwiAQRP-FsyFsV8F69O43EJZdpGogKe3J-O_SpAe9Tea9mbfyYV2yX5vMfmJ1UaAOvx2F-JSyAX6Ecq861rLME-lN0Ttt-lZZXtfd_TvIoeW-Hh0IGnsijEfTUxQLY8AETCY4FMOGWBiQBnu2IjFJcoxddTC4ROrzBediOHo:1v5qly:xTcjyK8g0Xv5k4MFAFldAa9SqWs-i8UsARtnaG-8ww0','2025-10-06 19:51:26.030904'),('0w458qzpsrvxzrl32z5nqiexvmqsc99j','.eJxVjDsOwyAQBe9CHSE-BnZTpvcZELAQnERYMnYV5e6xJRdJOzPvvZkP21r91vPiJ2JXJtnll8WQnrkdgh6h3Wee5rYuU-RHwk_b-ThTft3O9u-ghl73tUpuMCpKyEUpoymJkNE5TGEgwGJlFqVosCKS1dbRDgVZTBrBACCyzxfePTd1:1uuMXB:LjtxErH23b0gS7KP61A82Pbm18n06KQAo8uMeBgBu0g','2025-09-19 02:50:41.345445'),('0y99rmj086gdh9g7rbgctyhtf3j6f8en','.eJxVjDsOwjAQBe_iGlkx_q0p6XMGa9de4wBypDipEHeHSCmgfTPzXiLitta4dV7ilMVFKHH63QjTg9sO8h3bbZZpbusykdwVedAuxznz83q4fwcVe_3WCYofDBvrbNGZg9aZELAgQQBQZ8WZ3MBeAXnyrrgQjNfOKiJiZYN4fwDvUzfx:1uuwvV:KSMYeD4xmklEyL1BcslHTxSn6LzMB1qEiDFAk0V9978','2025-09-20 17:42:13.842189'),('1a1hzazbrugsreroxf85jgjuxaxa8tjw','.eJxVjDsOwjAQBe_iGlkx_q0p6XMGa9de4wBypDipEHeHSCmgfTPzXiLitta4dV7ilMVFKHH63QjTg9sO8h3bbZZpbusykdwVedAuxznz83q4fwcVe_3WCYofDBvrbNGZg9aZELAgQQBQZ8WZ3MBeAXnyrrgQjNfOKiJiZYN4fwDvUzfx:1uw7At:PItGN38qXpQKtgNCIBQZTOVvS7cK5_sSpaRuIXWcd2g','2025-09-23 22:50:55.896360'),('1hqypvc4dh0f3ph3v1f0z5420lmyu3tp','.eJxVjEEOwiAQRe_C2hAY6rS4dN8zNMwMSNVAUtqV8e7apAvd_vfef6kpbGuethaXaRZ1UVadfjcK_IhlB3IP5VY117IuM-ld0QdteqwSn9fD_TvIoeVv3XkfkZK4fkgCYjtMZJFjZxEGx0iAPVA0DhMYBjBI515YhD1b61i9P-WWN_s:1uyBhw:gfPf79pTdFhQSlZlmOOJIWYIltoiKp8SEFSAU8H2UtU','2025-09-29 16:05:36.872342'),('1ndt6f5xmvjwea0iyezx9j6wkqjxw6zm','.eJxVjEEOwiAURO_C2hCg8KEu3fcM5MMHqRqalHZlvLs06UJn-ebNvJnHfSt-b2n1M7Erk-zyywLGZ6pHQQ-s94XHpW7rHPih8LNtfFoovW6n-3dQsJW-RsxK5KhVTzSgAxkJdowdOaudEWgBBAEMSEaTM4OUchRJZ0VWgWCfL9C5Ntk:1v195j:y5D_lnQOvhF1tIVIt0m2ao5cxyEp4ErELEtRjJ6CpoE','2025-10-07 19:54:23.072498'),('1omryjsulr4jrznkj4ezvravz8ewz1hv','.eJxVjDsOwyAQBe9CHSE-BnZTpvcZELAQnERYMnYV5e6xJRdJOzPvvZkP21r91vPiJ2JXJtnll8WQnrkdgh6h3Wee5rYuU-RHwk_b-ThTft3O9u-ghl73tUpuMCpKyEUpoymJkNE5TGEgwGJlFqVosCKS1dbRDgVZTBrBACCyzxfePTd1:1uuNys:17UyziuH8CCPe7axzE-RMo_1aqfMqa8GBOx6LkN3Zis','2025-09-19 04:23:22.330431'),('25rbf1zthu3gcr9z39mf3e5k8kr1q44t','.eJxVjEEOwiAURO_C2hCg8KEu3fcM5MMHqRqalHZlvLs06UJn-ebNvJnHfSt-b2n1M7Erk-zyywLGZ6pHQQ-s94XHpW7rHPih8LNtfFoovW6n-3dQsJW-RsxK5KhVTzSgAxkJdowdOaudEWgBBAEMSEaTM4OUchRJZ0VWgWCfL9C5Ntk:1v5oIq:VJd1QvHjPi7q5EPquVPq1VhD3twGoclboK_FTyqykRI','2025-10-06 17:13:12.699606'),('2a06n0wsgskvxwqavym2s50tcvm1irmm','.eJxVjEEOwiAURO_C2hCg8KEu3fcM5MMHqRqalHZlvLs06UJn-ebNvJnHfSt-b2n1M7Erk-zyywLGZ6pHQQ-s94XHpW7rHPih8LNtfFoovW6n-3dQsJW-RsxK5KhVTzSgAxkJdowdOaudEWgBBAEMSEaTM4OUchRJZ0VWgWCfL9C5Ntk:1v5n3P:83obUZNnujqjb2RosU-MqWo7MyTExsbsC9P3HhZfu9M','2025-10-20 15:23:11.907894'),('2i4xdxzmt752jti27glim2rxavg43fsi','.eJxVjDsOwyAQBe9CHSE-BnZTpvcZELAQnERYMnYV5e6xJRdJOzPvvZkP21r91vPiJ2JXJtnll8WQnrkdgh6h3Wee5rYuU-RHwk_b-ThTft3O9u-ghl73tUpuMCpKyEUpoymJkNE5TGEgwGJlFqVosCKS1dbRDgVZTBrBACCyzxfePTd1:1uuO6j:cpgTD3ml6McQyQfxR4-IJQ8mr1bRu1ALGiG9IT3z_aE','2025-09-19 04:31:29.377747'),('2jz7abl5teht07j0qz5pnizqnjr2ip09','.eJxVjDsOwjAQBe_iGlkx_q0p6XMGa9de4wBypDipEHeHSCmgfTPzXiLitta4dV7ilMVFKHH63QjTg9sO8h3bbZZpbusykdwVedAuxznz83q4fwcVe_3WCYofDBvrbNGZg9aZELAgQQBQZ8WZ3MBeAXnyrrgQjNfOKiJiZYN4fwDvUzfx:1uvixU:oM_w_57wOPvLXweEJmF2G4UGi2ZGpriFgm6mfmfxh7U','2025-09-22 20:59:28.397630'),('2wmdbywmzve089pr6kuzhb6h9ez3c9ce','.eJxVjEEOwiAQRe_C2hAY6rS4dN8zNMwMSNVAUtqV8e7apAvd_vfef6kpbGuethaXaRZ1UVadfjcK_IhlB3IP5VY117IuM-ld0QdteqwSn9fD_TvIoeVv3XkfkZK4fkgCYjtMZJFjZxEGx0iAPVA0DhMYBjBI515YhD1b61i9P-WWN_s:1uyBtF:kvUzDUH9XcldIsh-tRstzx8j6TY4k_yStGq6pmJOC1c','2025-09-29 16:17:17.037303'),('2y7uw9b6on3d9ezq6rji5m5p0xh4p8hh','.eJxVjDsOwjAQBe_iGlkx_q0p6XMGa9de4wBypDipEHeHSCmgfTPzXiLitta4dV7ilMVFKHH63QjTg9sO8h3bbZZpbusykdwVedAuxznz83q4fwcVe_3WCYofDBvrbNGZg9aZELAgQQBQZ8WZ3MBeAXnyrrgQjNfOKiJiZYN4fwDvUzfx:1uvj8Y:MM69bDyYL8Uw8b060LsvhVw8uc-a82J-GJ0AW9y258I','2025-09-22 21:10:54.485393'),('30euhgdrotdzsaeruttc2glpkwimqsp2','.eJxVjDsOwyAQBe9CHSE-BnZTpvcZELAQnERYMnYV5e6xJRdJOzPvvZkP21r91vPiJ2JXJtnll8WQnrkdgh6h3Wee5rYuU-RHwk_b-ThTft3O9u-ghl73tUpuMCpKyEUpoymJkNE5TGEgwGJlFqVosCKS1dbRDgVZTBrBACCyzxfePTd1:1uuNYA:6lXSO9boN7Tn6JpUR1Bk1AIGdpfVwa35bhW9ybhazps','2025-09-19 03:55:46.972770'),('357fv7wsdzojkz6ew5r5t0k72jiafdbz','.eJxVjDsOwyAQBe9CHSE-BnZTpvcZELAQnERYMnYV5e6xJRdJOzPvvZkP21r91vPiJ2JXJtnll8WQnrkdgh6h3Wee5rYuU-RHwk_b-ThTft3O9u-ghl73tUpuMCpKyEUpoymJkNE5TGEgwGJlFqVosCKS1dbRDgVZTBrBACCyzxfePTd1:1uuNle:_LpGBg9fzzU_IudG93aTKbdNqV1I7iXwbF3R0j7cH8o','2025-09-19 04:09:42.951897'),('385yip45q4b3wsjw165gnq1x74h4ec9c','.eJxVjEEOwiAURO_C2hCg8KEu3fcM5MMHqRqalHZlvLs06UJn-ebNvJnHfSt-b2n1M7Erk-zyywLGZ6pHQQ-s94XHpW7rHPih8LNtfFoovW6n-3dQsJW-RsxK5KhVTzSgAxkJdowdOaudEWgBBAEMSEaTM4OUchRJZ0VWgWCfL9C5Ntk:1v5mnu:qksUXz_prqYCGwMUOpZKn_8Homt5tNeK_Ax8zeGT4R8','2025-10-20 15:07:10.318592'),('38ksy2cx8esjclyi9gw1ntd41fxacicm','.eJxVjDsOwjAQBe_iGlkx_q0p6XMGa9de4wBypDipEHeHSCmgfTPzXiLitta4dV7ilMVFKHH63QjTg9sO8h3bbZZpbusykdwVedAuxznz83q4fwcVe_3WCYofDBvrbNGZg9aZELAgQQBQZ8WZ3MBeAXnyrrgQjNfOKiJiZYN4fwDvUzfx:1uw5mn:9YocZKAz1DFUtNULPdgRVTyId1DZsShtvBSvqXf99Ak','2025-09-23 21:21:57.572562'),('3i2scqizadnadmjruc3n2bxcx0ues4po','.eJxVjEEOwiAQRe_C2hCgEwZcuvcMZIBBqgaS0q6Md9cmXej2v_f-SwTa1hq2wUuYszgLLU6_W6T04LaDfKd26zL1ti5zlLsiDzrktWd-Xg7376DSqN8aPXnDbMlw5IKgqER04CmDs6YoRIqgYAJljVbaQnYINunJGSSyJN4f43I3Pw:1vOjln:WZYpsUoITZUK30YSCeSUlaasnwaWPHUcTByje-a2SCg','2025-11-27 22:13:19.748060'),('3sxo5v160ngsx7knuniptz5yqyhu30s6','.eJxVjEEOwiAQRe_C2hCgEwZcuvcMZIBBqgaS0q6Md9cmXej2v_f-SwTa1hq2wUuYszgLLU6_W6T04LaDfKd26zL1ti5zlLsiDzrktWd-Xg7376DSqN8aPXnDbMlw5IKgqER04CmDs6YoRIqgYAJljVbaQnYINunJGSSyJN4f43I3Pw:1vOiPB:oiEFxXoCE9LenftbmG2hIAHq00g35sA3sHkBci5y1SA','2025-11-27 20:45:53.664729'),('3zbuj04n2mmm5h2y7bdvyy5izhepzgfb','.eJxVjEEOwiAQRe_C2hAY6rS4dN8zNMwMSNVAUtqV8e7apAvd_vfef6kpbGuethaXaRZ1UVadfjcK_IhlB3IP5VY117IuM-ld0QdteqwSn9fD_TvIoeVv3XkfkZK4fkgCYjtMZJFjZxEGx0iAPVA0DhMYBjBI515YhD1b61i9P-WWN_s:1uyBFi:bF-PEj0VXkxDY2tuivrE-QE4qyuqji1gQV5yDpkQfF8','2025-09-29 15:36:26.571944'),('4fuz7fown0w829v9lk9rr1mwdm6bvq86','.eJxVjEEOwiAQRe_C2hAY6rS4dN8zNMwMSNVAUtqV8e7apAvd_vfef6kpbGuethaXaRZ1UVadfjcK_IhlB3IP5VY117IuM-ld0QdteqwSn9fD_TvIoeVv3XkfkZK4fkgCYjtMZJFjZxEGx0iAPVA0DhMYBjBI515YhD1b61i9P-WWN_s:1uwQhO:58dgfHLObNXWt6GejFJsUc_TMor4moglLQF7CU46BZg','2025-09-24 19:41:46.290195'),('4fxlfh5x5teqsv78vj9fkupdhu0k13q7','.eJxVjEEOwiAQRe_C2hCgEwZcuvcMZIBBqgaS0q6Md9cmXej2v_f-SwTa1hq2wUuYszgLLU6_W6T04LaDfKd26zL1ti5zlLsiDzrktWd-Xg7376DSqN8aPXnDbMlw5IKgqER04CmDs6YoRIqgYAJljVbaQnYINunJGSSyJN4f43I3Pw:1v6co5:ZbZGio5TAsdc4UwhHFbhVMadipbtclJDDxTFJ3XrM0k','2025-10-08 23:08:49.928581'),('4gyr21sfdn8wr1elw1pym7ppcjop71kf','.eJxVjEEOwiAURO_C2hCg8KEu3fcM5MMHqRqalHZlvLs06UJn-ebNvJnHfSt-b2n1M7Erk-zyywLGZ6pHQQ-s94XHpW7rHPih8LNtfFoovW6n-3dQsJW-RsxK5KhVTzSgAxkJdowdOaudEWgBBAEMSEaTM4OUchRJZ0VWgWCfL9C5Ntk:1v1C5y:izNz-uY9_uYGv7iaab3AXgn4noH6V4EJuyjoBQrUgXU','2025-10-07 23:06:50.755876'),('4lx75ghcu1urs702939rcnrwxzm5xuza','.eJxVjEEOwiAURO_C2hCg8KEu3fcM5MMHqRqalHZlvLs06UJn-ebNvJnHfSt-b2n1M7Erk-zyywLGZ6pHQQ-s94XHpW7rHPih8LNtfFoovW6n-3dQsJW-RsxK5KhVTzSgAxkJdowdOaudEWgBBAEMSEaTM4OUchRJZ0VWgWCfL9C5Ntk:1v5olA:iF1Jhw4bzo81xhzDsH5rYlaHuhdPD5yORydXHP4keQ0','2025-10-06 17:42:28.126017'),('4oibdiwrf0mdp2yu0qw1dzqco8k8x4hx','.eJxVjEEOwiAURO_C2hCg8KEu3fcM5MMHqRqalHZlvLs06UJn-ebNvJnHfSt-b2n1M7Erk-zyywLGZ6pHQQ-s94XHpW7rHPih8LNtfFoovW6n-3dQsJW-RsxK5KhVTzSgAxkJdowdOaudEWgBBAEMSEaTM4OUchRJZ0VWgWCfL9C5Ntk:1v5oqs:fKNmTxQc1vSZ0h5ywtDfaabnEHhmBzSi_qvEh4afDPQ','2025-10-06 17:48:22.327985'),('50ifqirkye0rfilk78g0oisftqlb8k98','.eJxVjEEOwiAURO_C2hCg8KEu3fcM5MMHqRqalHZlvLs06UJn-ebNvJnHfSt-b2n1M7Erk-zyywLGZ6pHQQ-s94XHpW7rHPih8LNtfFoovW6n-3dQsJW-RsxK5KhVTzSgAxkJdowdOaudEWgBBAEMSEaTM4OUchRJZ0VWgWCfL9C5Ntk:1v1Acl:zDdyaK-TNfhIKueKRDoiaLoNzWxdThsn1VIskJ3qk5k','2025-10-07 21:32:35.566482'),('526ftyh5gbhpknyn08pdmrre91yhhobc','.eJxVjEEOwiAURO_C2hCg8KEu3fcM5MMHqRqalHZlvLs06UJn-ebNvJnHfSt-b2n1M7Erk-zyywLGZ6pHQQ-s94XHpW7rHPih8LNtfFoovW6n-3dQsJW-RsxK5KhVTzSgAxkJdowdOaudEWgBBAEMSEaTM4OUchRJZ0VWgWCfL9C5Ntk:1uyIfd:L-WuE7YwRWHdRjIMAtlFVCuYASXpuZYWtalvn6Cnv8k','2025-09-29 23:31:41.358677'),('5c813qugk0w4rgrrcdrcntmtiz1h2bil','.eJxVjEEOwiAURO_C2hCg8KEu3fcM5MMHqRqalHZlvLs06UJn-ebNvJnHfSt-b2n1M7Erk-zyywLGZ6pHQQ-s94XHpW7rHPih8LNtfFoovW6n-3dQsJW-RsxK5KhVTzSgAxkJdowdOaudEWgBBAEMSEaTM4OUchRJZ0VWgWCfL9C5Ntk:1v19YI:jd4BuhndAST6RnFPlaqZGohPPS7I0c6LYNooyC3a9vU','2025-10-07 20:23:54.485273'),('5i8b4cu5vjzmi06xs61uz82hr112s5h9','.eJxVjEEOwiAURO_C2hCg8KEu3fcM5MMHqRqalHZlvLs06UJn-ebNvJnHfSt-b2n1M7Erk-zyywLGZ6pHQQ-s94XHpW7rHPih8LNtfFoovW6n-3dQsJW-RsxK5KhVTzSgAxkJdowdOaudEWgBBAEMSEaTM4OUchRJZ0VWgWCfL9C5Ntk:1v18z4:pr3aCtQqbK0jHX_4dkZSvqWSGv9qCYH0HcKw-SPVL50','2025-10-07 19:47:30.869031'),('5pcropxay31r8r0mii6yg3kth1belbmz','.eJxVjDsOwjAQBe_iGlkx_q0p6XMGa9de4wBypDipEHeHSCmgfTPzXiLitta4dV7ilMVFKHH63QjTg9sO8h3bbZZpbusykdwVedAuxznz83q4fwcVe_3WCYofDBvrbNGZg9aZELAgQQBQZ8WZ3MBeAXnyrrgQjNfOKiJiZYN4fwDvUzfx:1uw40f:NRzlZ-h0m-IThcBTeH46smfRV9tAOUqrHCqrtYv8tBo','2025-09-23 19:28:09.874929'),('5pfyy06clxi6ho4tfmngt45otecdjpx1','.eJxVjDsOwjAQBe_iGlkx_q0p6XMGa9de4wBypDipEHeHSCmgfTPzXiLitta4dV7ilMVFKHH63QjTg9sO8h3bbZZpbusykdwVedAuxznz83q4fwcVe_3WCYofDBvrbNGZg9aZELAgQQBQZ8WZ3MBeAXnyrrgQjNfOKiJiZYN4fwDvUzfx:1uvjD0:5HqB7gVoqg9TrMqW9Q9dBm5cP8ZBnBBLY-KIBf_5okw','2025-09-22 21:15:30.733654'),('5pgj1wrmkzfihp2iybzz7htlg5t48ure','.eJxVjEEOwiAQRe_C2hCgEwZcuvcMZIBBqgaS0q6Md9cmXej2v_f-SwTa1hq2wUuYszgLLU6_W6T04LaDfKd26zL1ti5zlLsiDzrktWd-Xg7376DSqN8aPXnDbMlw5IKgqER04CmDs6YoRIqgYAJljVbaQnYINunJGSSyJN4f43I3Pw:1v6tfg:xa98j3m8ieDFQuj-m8ZQ6rFTFK96uFd1kY4NMWEZ0BY','2025-10-09 17:09:16.586844'),('66m7sdao53gtcycl4j7ihe922b3hjsop','.eJxVjEEOgjAQRe_StWk6Qwsdl-49QzPMtIIaSCisjHdXEha6_e-9_zKJt3VIW81LGtWcDThz-h17lkeedqJ3nm6zlXlal7G3u2IPWu111vy8HO7fwcB1-NYMnfhQnOTSFmRykDU2xF3wHRZRbAMW9KEVRGqUSCMIRgIPFF1A8_4AA_43Iw:1v8nIK:InTgRyIdMc12U3-eBf4-OCf8b6eyrIsrbkyZOf569rw','2025-10-14 22:45:00.027015'),('6cfrlwkh6b7g0g7lxo4vqhznvb3x9t75','.eJxVjEEOwiAQRe_C2hCgEwZcuvcMZIBBqgaS0q6Md9cmXej2v_f-SwTa1hq2wUuYszgLLU6_W6T04LaDfKd26zL1ti5zlLsiDzrktWd-Xg7376DSqN8aPXnDbMlw5IKgqER04CmDs6YoRIqgYAJljVbaQnYINunJGSSyJN4f43I3Pw:1vOpKG:kLgh9B5vsWuSml7YBnGixwbGb3piXQal0JLo0LJ48Es','2025-11-28 04:09:16.517795'),('6kdvylan4o8t9zr4izbiwoy1vi8x835d','.eJxVjEEOgjAQRe_StWk6Qwsdl-49QzPMtIIaSCisjHdXEha6_e-9_zKJt3VIW81LGtWcDThz-h17lkeedqJ3nm6zlXlal7G3u2IPWu111vy8HO7fwcB1-NYMnfhQnOTSFmRykDU2xF3wHRZRbAMW9KEVRGqUSCMIRgIPFF1A8_4AA_43Iw:1v94HJ:5wXYFI6xQDDluW6sxdBNdoDOAC5IMNlLobW65Nih3u8','2025-10-15 16:53:05.917984'),('6msdpbm4wbm546qayy11w64cu5f5e1zh','.eJxVjDsOwyAQBe9CHSE-BnZTpvcZELAQnERYMnYV5e6xJRdJOzPvvZkP21r91vPiJ2JXJtnll8WQnrkdgh6h3Wee5rYuU-RHwk_b-ThTft3O9u-ghl73tUpuMCpKyEUpoymJkNE5TGEgwGJlFqVosCKS1dbRDgVZTBrBACCyzxfePTd1:1uuNmu:fcJIr3n3akpS7xCKy9umvaZ2U8Dc-st7CWzzJuBSuFY','2025-09-19 04:11:00.610904'),('6ocgbmqplv4eoa385cxys55k1am5lq9w','.eJxVjEEOwiAQRe_C2hCgEwZcuvcMZIBBqgaS0q6Md9cmXej2v_f-SwTa1hq2wUuYszgLLU6_W6T04LaDfKd26zL1ti5zlLsiDzrktWd-Xg7376DSqN8aPXnDbMlw5IKgqER04CmDs6YoRIqgYAJljVbaQnYINunJGSSyJN4f43I3Pw:1v6c5Z:454RS0nOuzJMkrxYFFYQIvSaQbTosCZJj5ssUK4ovQI','2025-10-08 22:22:49.281885'),('6uwzpux2r17puxj4zer7lktmyer6dqn0','.eJxVjDsOwjAQBe_iGlkx_q0p6XMGa9de4wBypDipEHeHSCmgfTPzXiLitta4dV7ilMVFKHH63QjTg9sO8h3bbZZpbusykdwVedAuxznz83q4fwcVe_3WCYofDBvrbNGZg9aZELAgQQBQZ8WZ3MBeAXnyrrgQjNfOKiJiZYN4fwDvUzfx:1uw5UM:hhRLnu6unvi83Ddda2wDwWo5uR-m_PPXDJGCeUvHrAc','2025-09-23 21:02:54.113540'),('6yw4gchh32famka1nlexrysjg3ftdotr','.eJxVjEEOwiAQRe_C2hAY6rS4dN8zNMwMSNVAUtqV8e7apAvd_vfef6kpbGuethaXaRZ1UVadfjcK_IhlB3IP5VY117IuM-ld0QdteqwSn9fD_TvIoeVv3XkfkZK4fkgCYjtMZJFjZxEGx0iAPVA0DhMYBjBI515YhD1b61i9P-WWN_s:1uwVMy:tia0ZW3IElNra4CkVKBYTOmIn9T1z76FSsV0tIdLesQ','2025-09-25 00:41:00.679231'),('71se6kxl14ogdgrg0x1ecgjkxz60or9s','.eJxVjEEOwiAQRe_C2hCgEwZcuvcMZIBBqgaS0q6Md9cmXej2v_f-SwTa1hq2wUuYszgLLU6_W6T04LaDfKd26zL1ti5zlLsiDzrktWd-Xg7376DSqN8aPXnDbMlw5IKgqER04CmDs6YoRIqgYAJljVbaQnYINunJGSSyJN4f43I3Pw:1v9njp:3wl70FbVhYksQRDLMrjjJjbQ7TGB7ooZTuKqSFwtax0','2025-10-17 17:25:33.650381'),('76hsrdvzjvmwrrbvdurztbwhyk8yazpt','.eJxVjEEOwiAURO_C2hCg8KEu3fcM5MMHqRqalHZlvLs06UJn-ebNvJnHfSt-b2n1M7Erk-zyywLGZ6pHQQ-s94XHpW7rHPih8LNtfFoovW6n-3dQsJW-RsxK5KhVTzSgAxkJdowdOaudEWgBBAEMSEaTM4OUchRJZ0VWgWCfL9C5Ntk:1uyFNz:qajlzXI9HT7yDOs8hCgVJdKBI46d69L5wS3VomhQspQ','2025-09-29 20:01:15.957175'),('7j2xn697qagju6nr2c40q8zlzpqndom3','.eJxVjEEOwiAQRe_C2hCgEwZcuvcMZIBBqgaS0q6Md9cmXej2v_f-SwTa1hq2wUuYszgLLU6_W6T04LaDfKd26zL1ti5zlLsiDzrktWd-Xg7376DSqN8aPXnDbMlw5IKgqER04CmDs6YoRIqgYAJljVbaQnYINunJGSSyJN4f43I3Pw:1v8R9p:APFKl1OW1lnH7SnnjVOhXzCnKllnD7POUh0t_vcVn7s','2025-10-13 23:06:45.531457'),('7kkr8yd21xdq84eerc587oqrla78hqy5','.eJxVjEEOwiAQRe_C2hAY6rS4dN8zNMwMSNVAUtqV8e7apAvd_vfef6kpbGuethaXaRZ1UVadfjcK_IhlB3IP5VY117IuM-ld0QdteqwSn9fD_TvIoeVv3XkfkZK4fkgCYjtMZJFjZxEGx0iAPVA0DhMYBjBI515YhD1b61i9P-WWN_s:1uwWTc:VKfxs0BDz6SCzRSMeK0IT7yFPaymbo4UWjQ71aWXEmU','2025-09-25 01:51:56.850448'),('7o0f54upuqqjr59coz450v27ram21fzy','.eJxVjDsOwjAQBe_iGlkx_q0p6XMGa9de4wBypDipEHeHSCmgfTPzXiLitta4dV7ilMVFKHH63QjTg9sO8h3bbZZpbusykdwVedAuxznz83q4fwcVe_3WCYofDBvrbNGZg9aZELAgQQBQZ8WZ3MBeAXnyrrgQjNfOKiJiZYN4fwDvUzfx:1uvjYH:NDhy1vTsARVBjvAw26R44fD1jWUBbjf9q_SFu4gvXkc','2025-09-22 21:37:29.406726'),('7yebeg4eac9uec4y6ddj1e0ptarq6kuj','.eJxVjDsOwyAQBe9CHSE-BnZTpvcZELAQnERYMnYV5e6xJRdJOzPvvZkP21r91vPiJ2JXJtnll8WQnrkdgh6h3Wee5rYuU-RHwk_b-ThTft3O9u-ghl73tUpuMCpKyEUpoymJkNE5TGEgwGJlFqVosCKS1dbRDgVZTBrBACCyzxfePTd1:1usW2b:BPwJDmdfo4IJMqUtK8X-x84QDL1PLSbEkuA5jV1dhMI','2025-09-14 00:35:29.488256'),('7zlxoaq1o365m2tmdzu6gsxj41nu57ow','.eJxVjEEOwiAURO_C2hCg8KEu3fcM5MMHqRqalHZlvLs06UJn-ebNvJnHfSt-b2n1M7Erk-zyywLGZ6pHQQ-s94XHpW7rHPih8LNtfFoovW6n-3dQsJW-RsxK5KhVTzSgAxkJdowdOaudEWgBBAEMSEaTM4OUchRJZ0VWgWCfL9C5Ntk:1v5n87:HB_q0PVS75cnHCfTl7xUsTmzE1nMgjTS3_A54Nuru80','2025-10-20 15:28:03.207109'),('897gl2zakr1e6ev9qwqyacgvuktsd7qf','.eJxVjDsOwyAQBe9CHSE-BnZTpvcZELAQnERYMnYV5e6xJRdJOzPvvZkP21r91vPiJ2JXJtnll8WQnrkdgh6h3Wee5rYuU-RHwk_b-ThTft3O9u-ghl73tUpuMCpKyEUpoymJkNE5TGEgwGJlFqVosCKS1dbRDgVZTBrBACCyzxfePTd1:1uuNQa:CbTlCAwE6g_G-PcLNNnIaB8b9Fjj8tJ3ZhxrkyI1xQM','2025-09-19 03:47:56.416913'),('8gokogm5ifglh7tyuyivfbqpou9kih68','.eJxVjEEOwiAQRe_C2hCgEwZcuvcMZIBBqgaS0q6Md9cmXej2v_f-SwTa1hq2wUuYszgLLU6_W6T04LaDfKd26zL1ti5zlLsiDzrktWd-Xg7376DSqN8aPXnDbMlw5IKgqER04CmDs6YoRIqgYAJljVbaQnYINunJGSSyJN4f43I3Pw:1v8lm3:7Rn8JurOpRXyrUaJXZ7enlnZejfyOc1M2PGxjpiC_wU','2025-10-14 21:07:35.142364'),('8h1l6jxy93vbpdq7q9n9df7yj1qs65fs','.eJxVjEEOwiAURO_C2hCg8KEu3fcM5MMHqRqalHZlvLs06UJn-ebNvJnHfSt-b2n1M7Erk-zyywLGZ6pHQQ-s94XHpW7rHPih8LNtfFoovW6n-3dQsJW-RsxK5KhVTzSgAxkJdowdOaudEWgBBAEMSEaTM4OUchRJZ0VWgWCfL9C5Ntk:1v1X6k:GLEJnq0ffewaVc0KlSOQwKnAQavKMIY7p0SZ6deRN9c','2025-10-08 21:33:02.044640'),('8j2vefy7tjkwvi51evtqeie0b4c1t86b','.eJxVjEEOwiAURO_C2hCg8KEu3fcM5MMHqRqalHZlvLs06UJn-ebNvJnHfSt-b2n1M7Erk-zyywLGZ6pHQQ-s94XHpW7rHPih8LNtfFoovW6n-3dQsJW-RsxK5KhVTzSgAxkJdowdOaudEWgBBAEMSEaTM4OUchRJZ0VWgWCfL9C5Ntk:1v5qhj:ddki__y8Kfr4SV3R9EkHQL9e-BMieDbNVHmVpbQwOAA','2025-10-06 19:47:03.535242'),('8v1i4qkdsd5b9lyn3xvkyc3zgntrilgk','.eJxVjEEOwiAQRe_C2hCgEwZcuvcMZIBBqgaS0q6Md9cmXej2v_f-SwTa1hq2wUuYszgLLU6_W6T04LaDfKd26zL1ti5zlLsiDzrktWd-Xg7376DSqN8aPXnDbMlw5IKgqER04CmDs6YoRIqgYAJljVbaQnYINunJGSSyJN4f43I3Pw:1v8Qvt:m8aDYnLqDeDQf-vBtRsYMn7yfuEfrNVXPRGW4kgqsu4','2025-10-13 22:52:21.646406'),('94cs4inscef4buyhf5lrdmhobcfj1vao','.eJxVjEEOwiAQRe_C2hCgEwZcuvcMZIBBqgaS0q6Md9cmXej2v_f-SwTa1hq2wUuYszgLLU6_W6T04LaDfKd26zL1ti5zlLsiDzrktWd-Xg7376DSqN8aPXnDbMlw5IKgqER04CmDs6YoRIqgYAJljVbaQnYINunJGSSyJN4f43I3Pw:1v6bfu:y3XJQU1tZo08Xy4ZWonfZgH9_NoepAy_vuHairadzFE','2025-10-08 21:56:18.042405'),('95eb72jof58abs263i7sab75goxlf2bf','.eJxVjDsOwyAQBe9CHSE-BnZTpvcZELAQnERYMnYV5e6xJRdJOzPvvZkP21r91vPiJ2JXJtnll8WQnrkdgh6h3Wee5rYuU-RHwk_b-ThTft3O9u-ghl73tUpuMCpKyEUpoymJkNE5TGEgwGJlFqVosCKS1dbRDgVZTBrBACCyzxfePTd1:1urpTN:rl2u70RCZCw6GZbe5aXujJk_00FhnlBC_pyj6YW7dp8','2025-09-12 03:08:17.073121'),('98a8wn8bpl36xz2gaowcoepou873a6ws','.eJxVjEEOwiAURO_C2hCg8KEu3fcM5MMHqRqalHZlvLs06UJn-ebNvJnHfSt-b2n1M7Erk-zyywLGZ6pHQQ-s94XHpW7rHPih8LNtfFoovW6n-3dQsJW-RsxK5KhVTzSgAxkJdowdOaudEWgBBAEMSEaTM4OUchRJZ0VWgWCfL9C5Ntk:1v5og2:ZmSTu1qDqrCQxnl9z-ut9DF7u-bGZsAp39XnoC7qIOQ','2025-10-06 17:37:10.367729'),('9b12wv6h4cfp3iq7d4ych4ie8l0rzl0x','.eJxVjEEOwiAURO_C2hCg8KEu3fcM5MMHqRqalHZlvLs06UJn-ebNvJnHfSt-b2n1M7Erk-zyywLGZ6pHQQ-s94XHpW7rHPih8LNtfFoovW6n-3dQsJW-RsxK5KhVTzSgAxkJdowdOaudEWgBBAEMSEaTM4OUchRJZ0VWgWCfL9C5Ntk:1v1XGb:VmwQWz5sJ1FO3AfHoBxujCNnYyOS_MMjgb0CBw-RJTI','2025-10-08 21:43:13.906079'),('9mdrkyibha92zof5dspk0lu1xlt2lruf','.eJxVjEEOwiAURO_C2hCg8KEu3fcM5MMHqRqalHZlvLs06UJn-ebNvJnHfSt-b2n1M7Erk-zyywLGZ6pHQQ-s94XHpW7rHPih8LNtfFoovW6n-3dQsJW-RsxK5KhVTzSgAxkJdowdOaudEWgBBAEMSEaTM4OUchRJZ0VWgWCfL9C5Ntk:1v1ADA:ZrjxM3hEcHM73-IiiPXCAOuZr4gSec7tkUmzkYO756k','2025-10-07 21:06:08.732785'),('a4oj0pz8x8iae9mk937k5on1rn72ah3e','.eJxVjEEOwiAQRe_C2hCgEwZcuvcMZIBBqgaS0q6Md9cmXej2v_f-SwTa1hq2wUuYszgLLU6_W6T04LaDfKd26zL1ti5zlLsiDzrktWd-Xg7376DSqN8aPXnDbMlw5IKgqER04CmDs6YoRIqgYAJljVbaQnYINunJGSSyJN4f43I3Pw:1vOkUe:MjBVjxsF0LSkz7Rg4Yr5kBOGlOSW83fF433KL1xgl2U','2025-11-27 22:59:40.178822'),('a5ylo93cirt3cmxufhdhmtk0ahl3bogo','.eJxVjEEOwiAURO_C2hCg8KEu3fcM5MMHqRqalHZlvLs06UJn-ebNvJnHfSt-b2n1M7Erk-zyywLGZ6pHQQ-s94XHpW7rHPih8LNtfFoovW6n-3dQsJW-RsxK5KhVTzSgAxkJdowdOaudEWgBBAEMSEaTM4OUchRJZ0VWgWCfL9C5Ntk:1uyGmd:_g68W9YfDLUQlMQrvtnCEv6P2fBcMfxAhpbN0l-00-Q','2025-09-29 21:30:47.147613'),('aenf9n1h31c57486b269y98ldiau9p4b','.eJxVjDsOwjAQBe_iGlkx_q0p6XMGa9de4wBypDipEHeHSCmgfTPzXiLitta4dV7ilMVFKHH63QjTg9sO8h3bbZZpbusykdwVedAuxznz83q4fwcVe_3WCYofDBvrbNGZg9aZELAgQQBQZ8WZ3MBeAXnyrrgQjNfOKiJiZYN4fwDvUzfx:1uw7C4:u25Pj0FoifduKCB5JFw3ORlRwEyS7LTyXFR9bJ_69QU','2025-09-23 22:52:08.129593'),('akk7aa4x2rj1q12zu8u9sr2wg8jp78ps','.eJxVjDsOwjAQBe_iGln-xR9K-pzB2l0vOIAcKU4qxN0hUgpo38y8l8iwrTVvnZc8FXEWWpx-NwR6cNtBuUO7zZLmti4Tyl2RB-1ynAs_L4f7d1Ch128dvA0Jh2CIEZKySBFJKfIpKjQKcMBirIoa0PriHKWrI6ddYGZPwOL9AeHcOE8:1uuOXY:n2nKqTEtxvSqABtku9NVmKCFaw1pyamNuaDo4zFXGk4','2025-09-19 04:59:12.123054'),('aper0kmqm0k4m5q0hc0p57mzwurjrns5','.eJxVjEEOwiAURO_C2hCg8KEu3fcM5MMHqRqalHZlvLs06UJn-ebNvJnHfSt-b2n1M7Erk-zyywLGZ6pHQQ-s94XHpW7rHPih8LNtfFoovW6n-3dQsJW-RsxK5KhVTzSgAxkJdowdOaudEWgBBAEMSEaTM4OUchRJZ0VWgWCfL9C5Ntk:1uydMz:fqPG5qbV3blxZYDeNf4fnXhurtMR47lQWJ0Q7ElieHU','2025-09-30 21:37:49.255680'),('apfr5f755ybttwmo49qv2embhkkbu0id','.eJxVjDsOwjAQBe_iGlkx_q0p6XMGa9de4wBypDipEHeHSCmgfTPzXiLitta4dV7ilMVFKHH63QjTg9sO8h3bbZZpbusykdwVedAuxznz83q4fwcVe_3WCYofDBvrbNGZg9aZELAgQQBQZ8WZ3MBeAXnyrrgQjNfOKiJiZYN4fwDvUzfx:1uw5TC:Kfj8nE-V5zcBlv8ZQx_3sgzvfZGOs3se9oMUzLK_P1Y','2025-09-23 21:01:42.684153'),('ayvi5pxvyrkocbdbad0576m3bxosdcvc','.eJxVjEEOwiAURO_C2hCg8KEu3fcM5MMHqRqalHZlvLs06UJn-ebNvJnHfSt-b2n1M7Erk-zyywLGZ6pHQQ-s94XHpW7rHPih8LNtfFoovW6n-3dQsJW-RsxK5KhVTzSgAxkJdowdOaudEWgBBAEMSEaTM4OUchRJZ0VWgWCfL9C5Ntk:1v18qJ:hg6kPdFcDt-F5LUt1qW3XK4DITqaJbmL9qqKjJd_F2Y','2025-10-07 19:38:27.618905'),('b7iaiilzr75k1axv41njxo2c6fvevrl9','.eJxVjDsOwyAQBe9CHSE-BnZTpvcZELAQnERYMnYV5e6xJRdJOzPvvZkP21r91vPiJ2JXJtnll8WQnrkdgh6h3Wee5rYuU-RHwk_b-ThTft3O9u-ghl73tUpuMCpKyEUpoymJkNE5TGEgwGJlFqVosCKS1dbRDgVZTBrBACCyzxfePTd1:1urpHD:umyrc_hWK-xS5PXl1bFRPmA_eLmLPWtaNtZ1CdquFbI','2025-09-12 02:55:43.518573'),('b9sjc7xsl2q54sbcbyu7nj5y4qcphqxe','.eJxVjEEOwiAQRe_C2hAY6rS4dN8zNMwMSNVAUtqV8e7apAvd_vfef6kpbGuethaXaRZ1UVadfjcK_IhlB3IP5VY117IuM-ld0QdteqwSn9fD_TvIoeVv3XkfkZK4fkgCYjtMZJFjZxEGx0iAPVA0DhMYBjBI515YhD1b61i9P-WWN_s:1uwWZw:P5aqOHMWOm12HMOkfEWG7O4b70ra983NUeMV35pt_R8','2025-09-25 01:58:28.318589'),('bfoki9e5182vt4rqlkkcx9z3ezvqiowa','.eJxVjDsOwyAQBe9CHSE-BnZTpvcZELAQnERYMnYV5e6xJRdJOzPvvZkP21r91vPiJ2JXJtnll8WQnrkdgh6h3Wee5rYuU-RHwk_b-ThTft3O9u-ghl73tUpuMCpKyEUpoymJkNE5TGEgwGJlFqVosCKS1dbRDgVZTBrBACCyzxfePTd1:1uuNVq:T6CfX2KKOt7JA1Ybbw7K1zcZgoryWEh7KZhXDefyZGs','2025-09-19 03:53:22.046949'),('bpuavfwt74s2rhea9e494ud49rje1n5z','.eJxVjEEOwiAQRe_C2hCgEwZcuvcMZIBBqgaS0q6Md9cmXej2v_f-SwTa1hq2wUuYszgLLU6_W6T04LaDfKd26zL1ti5zlLsiDzrktWd-Xg7376DSqN8aPXnDbMlw5IKgqER04CmDs6YoRIqgYAJljVbaQnYINunJGSSyJN4f43I3Pw:1vOk6P:tMw2o1lNkaURmLIV-oZ72AK2txSiz9iT1E7jiciY8l0','2025-11-27 22:34:37.501108'),('c3czbowh2av5ww2ibo3ry0kwy7d74wd1','.eJxVjEEOwiAQRe_C2hAY6rS4dN8zNMwMSNVAUtqV8e7apAvd_vfef6kpbGuethaXaRZ1UVadfjcK_IhlB3IP5VY117IuM-ld0QdteqwSn9fD_TvIoeVv3XkfkZK4fkgCYjtMZJFjZxEGx0iAPVA0DhMYBjBI515YhD1b61i9P-WWN_s:1uwW1R:2bOO8a8mEbuwOvQuTCpmuksq7ba6f7NxpWfNPSRkVvQ','2025-09-25 01:22:49.310344'),('c5006kn5ys5f07jfyucbvd1icse1k5ho','.eJxVjEEOwiAURO_C2hCg8KEu3fcM5MMHqRqalHZlvLs06UJn-ebNvJnHfSt-b2n1M7Erk-zyywLGZ6pHQQ-s94XHpW7rHPih8LNtfFoovW6n-3dQsJW-RsxK5KhVTzSgAxkJdowdOaudEWgBBAEMSEaTM4OUchRJZ0VWgWCfL9C5Ntk:1v1AEp:vc3pOnlYzuGz1kxrBByjquYmMXPUusGRsURZxwQQgqY','2025-10-07 21:07:51.924513'),('c9n7ipn2xfyup8mhqbhybsqhgetuyjal','.eJxVjEEOwiAQRe_C2hCgEwZcuvcMZIBBqgaS0q6Md9cmXej2v_f-SwTa1hq2wUuYszgLLU6_W6T04LaDfKd26zL1ti5zlLsiDzrktWd-Xg7376DSqN8aPXnDbMlw5IKgqER04CmDs6YoRIqgYAJljVbaQnYINunJGSSyJN4f43I3Pw:1v8kwp:f9oY0dtECYTBI8fPRaO-ATJZZUZyLC6aB63PrIPJhv8','2025-10-14 20:14:39.275439'),('cd1oxyru9xg8lfmy8nbfd9jlkfdnougp','.eJxVjEEOwiAURO_C2hCg8KEu3fcM5MMHqRqalHZlvLs06UJn-ebNvJnHfSt-b2n1M7Erk-zyywLGZ6pHQQ-s94XHpW7rHPih8LNtfFoovW6n-3dQsJW-RsxK5KhVTzSgAxkJdowdOaudEWgBBAEMSEaTM4OUchRJZ0VWgWCfL9C5Ntk:1uyc6w:g6PbNwzG2U_v1b5teWZFPVXqVJFZ1bSO17Szbiue2YE','2025-09-30 20:17:10.419168'),('cfa9bo4qidq2cup0qclse4t3l8d231oi','.eJxVjEEOwiAQRe_C2hCgEwZcuvcMZIBBqgaS0q6Md9cmXej2v_f-SwTa1hq2wUuYszgLLU6_W6T04LaDfKd26zL1ti5zlLsiDzrktWd-Xg7376DSqN8aPXnDbMlw5IKgqER04CmDs6YoRIqgYAJljVbaQnYINunJGSSyJN4f43I3Pw:1vOpOw:rVmRVPAZ7lYDvwcOGlICM031i6_HeFuppiaNx2G9LxQ','2025-11-28 04:14:06.682166'),('cv9go1tb16o0sgwxmdwy74zaf3vefw2v','.eJxVjDsOwyAQBe9CHSE-BnZTpvcZELAQnERYMnYV5e6xJRdJOzPvvZkP21r91vPiJ2JXJtnll8WQnrkdgh6h3Wee5rYuU-RHwk_b-ThTft3O9u-ghl73tUpuMCpKyEUpoymJkNE5TGEgwGJlFqVosCKS1dbRDgVZTBrBACCyzxfePTd1:1utYj6:y4VEyfqU66fUvgkw4Nbel0-KcQXopMKbUY0iYCi0Q7E','2025-09-16 21:39:40.912523'),('cy0mrj4byn6cavlp0ufz87jzw55kuot6','.eJxVjEEOwiAQRe_C2hCgEwZcuvcMZIBBqgaS0q6Md9cmXej2v_f-SwTa1hq2wUuYszgLLU6_W6T04LaDfKd26zL1ti5zlLsiDzrktWd-Xg7376DSqN8aPXnDbMlw5IKgqER04CmDs6YoRIqgYAJljVbaQnYINunJGSSyJN4f43I3Pw:1v5rgE:vJ-Awb6N2wcrqi9-kcsPw3ZW8NJWNatfva9Esh7pdws','2025-10-06 20:49:34.313488'),('cypnyxphoibv2tu8f074nulsc0ko6o7u','.eJxVjEEOwiAURO_C2hCg8KEu3fcM5MMHqRqalHZlvLs06UJn-ebNvJnHfSt-b2n1M7Erk-zyywLGZ6pHQQ-s94XHpW7rHPih8LNtfFoovW6n-3dQsJW-RsxK5KhVTzSgAxkJdowdOaudEWgBBAEMSEaTM4OUchRJZ0VWgWCfL9C5Ntk:1v15ZC:YxeEeAScMoSRYDdqfToFvSqi0-7VeYaxabKTmfELe4A','2025-10-07 16:08:34.801825'),('cyyl369gouahgeahow4hcvfovttvl4e1','.eJxVjDsOwyAQBe9CHSE-BnZTpvcZELAQnERYMnYV5e6xJRdJOzPvvZkP21r91vPiJ2JXJtnll8WQnrkdgh6h3Wee5rYuU-RHwk_b-ThTft3O9u-ghl73tUpuMCpKyEUpoymJkNE5TGEgwGJlFqVosCKS1dbRDgVZTBrBACCyzxfePTd1:1uuNZw:ERudwCKlb5k67hdscgUGuTBElmDt3baRVKqYD-RRTRE','2025-09-19 03:57:36.661057'),('cze29j0mfag8azz0bt3g545652nm5t9j','.eJxVjEEOwiAURO_C2hCg8KEu3fcM5MMHqRqalHZlvLs06UJn-ebNvJnHfSt-b2n1M7Erk-zyywLGZ6pHQQ-s94XHpW7rHPih8LNtfFoovW6n-3dQsJW-RsxK5KhVTzSgAxkJdowdOaudEWgBBAEMSEaTM4OUchRJZ0VWgWCfL9C5Ntk:1uycgv:4hFoRrJ8sHFjqsR5LJZtJN7g-LqAjpaUo6w15rMHzbg','2025-09-30 20:54:21.895812'),('d2kz99c7lzt31d2qqzixt1150l6wozrd','.eJxVjDsOwjAQBe_iGlkx_q0p6XMGa9de4wBypDipEHeHSCmgfTPzXiLitta4dV7ilMVFKHH63QjTg9sO8h3bbZZpbusykdwVedAuxznz83q4fwcVe_3WCYofDBvrbNGZg9aZELAgQQBQZ8WZ3MBeAXnyrrgQjNfOKiJiZYN4fwDvUzfx:1uw5Ed:tZselxlF6egmMCS07jERRij8zkufDgjXzRStsYuAAdI','2025-09-23 20:46:39.315859'),('d57nny6d4rkuwr8w3j7cj3h1b5z5bey7','.eJxVjEEOwiAURO_C2hCg8KEu3fcM5MMHqRqalHZlvLs06UJn-ebNvJnHfSt-b2n1M7Erk-zyywLGZ6pHQQ-s94XHpW7rHPih8LNtfFoovW6n-3dQsJW-RsxK5KhVTzSgAxkJdowdOaudEWgBBAEMSEaTM4OUchRJZ0VWgWCfL9C5Ntk:1v1A9W:QrukX7tISBe-HiLzgb7HPY3dqufYRSglIpP4skqGelo','2025-10-07 21:02:22.735968'),('dmpas7icg5brkde5kdvuda6ddn9ga2g4','.eJxVjEEOwiAURO_C2hCg8KEu3fcM5MMHqRqalHZlvLs06UJn-ebNvJnHfSt-b2n1M7Erk-zyywLGZ6pHQQ-s94XHpW7rHPih8LNtfFoovW6n-3dQsJW-RsxK5KhVTzSgAxkJdowdOaudEWgBBAEMSEaTM4OUchRJZ0VWgWCfL9C5Ntk:1v1AIm:EYfH249TWB08XftsH9Y4VU6gWruMExlJAcKWIYin7hE','2025-10-07 21:11:56.866409'),('dslsuafj21uxkxabcg9hg16hq4n6tu5l','.eJxVjEEOwiAURO_C2hCg8KEu3fcM5MMHqRqalHZlvLs06UJn-ebNvJnHfSt-b2n1M7Erk-zyywLGZ6pHQQ-s94XHpW7rHPih8LNtfFoovW6n-3dQsJW-RsxK5KhVTzSgAxkJdowdOaudEWgBBAEMSEaTM4OUchRJZ0VWgWCfL9C5Ntk:1v5oGC:57IPstwUeWCmdX2_d1OZUwAtnMd8gbhnDJfKDbzIPYA','2025-10-06 17:10:28.221930'),('duuw6pnxvmj88n5ze54cp2l76xcer1pr','.eJxVjEEOwiAQRe_C2hAY6rS4dN8zNMwMSNVAUtqV8e7apAvd_vfef6kpbGuethaXaRZ1UVadfjcK_IhlB3IP5VY117IuM-ld0QdteqwSn9fD_TvIoeVv3XkfkZK4fkgCYjtMZJFjZxEGx0iAPVA0DhMYBjBI515YhD1b61i9P-WWN_s:1uyC2S:p74j2jhm9fL_wbY2g4W_po4Rv7cKE8MWfAwtI0tIZgI','2025-09-29 16:26:48.958890'),('dv48723ymm9blabtsmi11v3ttd16swu0','.eJxVjEEOwiAQRe_C2hCgEwZcuvcMZIBBqgaS0q6Md9cmXej2v_f-SwTa1hq2wUuYszgLLU6_W6T04LaDfKd26zL1ti5zlLsiDzrktWd-Xg7376DSqN8aPXnDbMlw5IKgqER04CmDs6YoRIqgYAJljVbaQnYINunJGSSyJN4f43I3Pw:1v8myq:8ymLcbbqeHd4g1NBHxcm7z1FRl8yGmbBMmjpiVYAf94','2025-10-14 22:24:52.704209'),('dw5a9h370gfsme8ee3sg5wt04g91p6xa','.eJxVjEEOwiAURO_C2hCg8KEu3fcM5MMHqRqalHZlvLs06UJn-ebNvJnHfSt-b2n1M7Erk-zyywLGZ6pHQQ-s94XHpW7rHPih8LNtfFoovW6n-3dQsJW-RsxK5KhVTzSgAxkJdowdOaudEWgBBAEMSEaTM4OUchRJZ0VWgWCfL9C5Ntk:1v5nAw:hH1Z1lLJqsiWrWuv5T1zdf4UXnfrE4vBDhGNURqmmZc','2025-10-20 15:30:58.582996'),('e1ak6sjsdl18t6ylbqsgj2jjk7arm8ct','.eJxVjEEOwiAURO_C2hCg8KEu3fcM5MMHqRqalHZlvLs06UJn-ebNvJnHfSt-b2n1M7Erk-zyywLGZ6pHQQ-s94XHpW7rHPih8LNtfFoovW6n-3dQsJW-RsxK5KhVTzSgAxkJdowdOaudEWgBBAEMSEaTM4OUchRJZ0VWgWCfL9C5Ntk:1v1Wc2:UXMiwMLOoMlA6kd_nBrI5fP4SK7ydSjKEOviTw9fhsQ','2025-10-08 21:01:18.650405'),('e1ww1ee9ddkap7bg8er9ekb6kaecs2as','.eJxVjEEOwiAQRe_C2hAY6rS4dN8zNMwMSNVAUtqV8e7apAvd_vfef6kpbGuethaXaRZ1UVadfjcK_IhlB3IP5VY117IuM-ld0QdteqwSn9fD_TvIoeVv3XkfkZK4fkgCYjtMZJFjZxEGx0iAPVA0DhMYBjBI515YhD1b61i9P-WWN_s:1uwWQH:_R24d_0n_NvSAHxqtEosS3E0QNV72jFj9YHtzQyZakE','2025-09-25 01:48:29.801476'),('e8aoovu9rleot58dt0dlii2annz2pe2c','.eJxVjEEOwiAURO_C2hCg8KEu3fcM5MMHqRqalHZlvLs06UJn-ebNvJnHfSt-b2n1M7Erk-zyywLGZ6pHQQ-s94XHpW7rHPih8LNtfFoovW6n-3dQsJW-RsxK5KhVTzSgAxkJdowdOaudEWgBBAEMSEaTM4OUchRJZ0VWgWCfL9C5Ntk:1v1Vds:P-odTo_Jp2_m2LNIi7pXoDbNu-QZ1LgGbdw8Ws8J7LM','2025-10-08 19:59:08.163697'),('e97c5hz7apgl5lndqao8wirehwxtm91a','.eJxVjEEOwiAURO_C2hCg8KEu3fcM5MMHqRqalHZlvLs06UJn-ebNvJnHfSt-b2n1M7Erk-zyywLGZ6pHQQ-s94XHpW7rHPih8LNtfFoovW6n-3dQsJW-RsxK5KhVTzSgAxkJdowdOaudEWgBBAEMSEaTM4OUchRJZ0VWgWCfL9C5Ntk:1uyGk3:PBL9waFy6f25L0OKSlHqzS9KBFuNOVXiIaP1DQJoS-0','2025-09-29 21:28:07.026269'),('e9a71z49sc6putk837pd92eho7peiio2','.eJxVjEEOwiAURO_C2hCg8KEu3fcM5MMHqRqalHZlvLs06UJn-ebNvJnHfSt-b2n1M7Erk-zyywLGZ6pHQQ-s94XHpW7rHPih8LNtfFoovW6n-3dQsJW-RsxK5KhVTzSgAxkJdowdOaudEWgBBAEMSEaTM4OUchRJZ0VWgWCfL9C5Ntk:1v1Yqn:1ACCjsjzWIyzywJcspi940bI8yf-2sr8wi9wDiVRLHI','2025-10-08 23:24:41.713552'),('e9qdm94vpx3z881e588vwf6dtyd91gwt','.eJxVjEEOwiAURO_C2hCg8KEu3fcM5MMHqRqalHZlvLs06UJn-ebNvJnHfSt-b2n1M7Erk-zyywLGZ6pHQQ-s94XHpW7rHPih8LNtfFoovW6n-3dQsJW-RsxK5KhVTzSgAxkJdowdOaudEWgBBAEMSEaTM4OUchRJZ0VWgWCfL9C5Ntk:1v5osn:S0NEUPzf_uqBVreb2HruIBxIr2CaRrLrBvE2Na7hGI8','2025-10-06 17:50:21.072109'),('ea6ngfjs7829pdcl2bqh1gitaisqeafd','.eJxVjEEOwiAURO_C2hCg8KEu3fcM5MMHqRqalHZlvLs06UJn-ebNvJnHfSt-b2n1M7Erk-zyywLGZ6pHQQ-s94XHpW7rHPih8LNtfFoovW6n-3dQsJW-RsxK5KhVTzSgAxkJdowdOaudEWgBBAEMSEaTM4OUchRJZ0VWgWCfL9C5Ntk:1v1A3G:FY9StmEKKfRYZ7qM3aqQXBdB2VJIlxFZDBE4lEl6GrA','2025-10-07 20:55:54.143215'),('emh1jn5jqwytf1yrsr67cq5pe4lf9jpc','.eJxVjEEOwiAURO_C2hCg8KEu3fcM5MMHqRqalHZlvLs06UJn-ebNvJnHfSt-b2n1M7Erk-zyywLGZ6pHQQ-s94XHpW7rHPih8LNtfFoovW6n-3dQsJW-RsxK5KhVTzSgAxkJdowdOaudEWgBBAEMSEaTM4OUchRJZ0VWgWCfL9C5Ntk:1v5oth:mnbK4K3y_2Zsh3xxzbcCcf9KXxmaNYjIVecsq2CZ87Y','2025-10-06 17:51:17.698639'),('emmha7y1aek0p518nrxkinessvpzwye5','.eJxVjEEOwiAQRe_C2hCgEwZcuvcMZIBBqgaS0q6Md9cmXej2v_f-SwTa1hq2wUuYszgLLU6_W6T04LaDfKd26zL1ti5zlLsiDzrktWd-Xg7376DSqN8aPXnDbMlw5IKgqER04CmDs6YoRIqgYAJljVbaQnYINunJGSSyJN4f43I3Pw:1v8nFu:PtvZUlf4t0C5AmOC2KSuhHK8N9wiA4NUnjfFwKLtAL4','2025-10-14 22:42:30.994672'),('evbjrmfdtit4p18k60wze2126e8wjlqd','.eJxVjEEOwiAQRe_C2hAY6rS4dN8zNMwMSNVAUtqV8e7apAvd_vfef6kpbGuethaXaRZ1UVadfjcK_IhlB3IP5VY117IuM-ld0QdteqwSn9fD_TvIoeVv3XkfkZK4fkgCYjtMZJFjZxEGx0iAPVA0DhMYBjBI515YhD1b61i9P-WWN_s:1uyBnX:6wIZZm4kLo4BYxak5yBfiaBS7YMk4r1wT139cIv0G38','2025-09-29 16:11:23.726442'),('evdzmk53zyjqdiw14jbdzzdnsrmxvgxw','.eJxVjEEOwiAURO_C2hCg8KEu3fcM5MMHqRqalHZlvLs06UJn-ebNvJnHfSt-b2n1M7Erk-zyywLGZ6pHQQ-s94XHpW7rHPih8LNtfFoovW6n-3dQsJW-RsxK5KhVTzSgAxkJdowdOaudEWgBBAEMSEaTM4OUchRJZ0VWgWCfL9C5Ntk:1v1CXr:WeYuSAUi8cHzhfOyfEa4XoGRKQWBwv8KhKAJd4_9MH0','2025-10-07 23:35:39.207907'),('f017ygej4cgluwl5v0c2aeonlksowbn7','.eJxVjEEOwiAQRe_C2hCgEwZcuvcMZIBBqgaS0q6Md9cmXej2v_f-SwTa1hq2wUuYszgLLU6_W6T04LaDfKd26zL1ti5zlLsiDzrktWd-Xg7376DSqN8aPXnDbMlw5IKgqER04CmDs6YoRIqgYAJljVbaQnYINunJGSSyJN4f43I3Pw:1vNzVE:NxKgTAVf_67Sr3FCoANx_qPBeg8pmVtygK2kzpN6fxs','2025-11-25 20:49:08.851946'),('f7uw31zfwz1tdkpzwo8zw6q6xr8ge4rh','.eJxVjEEOwiAQRe_C2hAY6rS4dN8zNMwMSNVAUtqV8e7apAvd_vfef6kpbGuethaXaRZ1UVadfjcK_IhlB3IP5VY117IuM-ld0QdteqwSn9fD_TvIoeVv3XkfkZK4fkgCYjtMZJFjZxEGx0iAPVA0DhMYBjBI515YhD1b61i9P-WWN_s:1uwUFW:_y6Y3RijX3j2qYsf-udAqITstZovTcpmSMVxk_ZHFsw','2025-09-24 23:29:14.600630'),('fexprdn4a1lj1gn4dkctvwz16k73t8v0','.eJxVjDsOwjAQBe_iGlkx_q0p6XMGa9de4wBypDipEHeHSCmgfTPzXiLitta4dV7ilMVFKHH63QjTg9sO8h3bbZZpbusykdwVedAuxznz83q4fwcVe_3WCYofDBvrbNGZg9aZELAgQQBQZ8WZ3MBeAXnyrrgQjNfOKiJiZYN4fwDvUzfx:1uvlFg:hGwabVMCrJ3hk3JBgO2pZ6dEZhCH_k1rYq5-4nxEtOo','2025-09-22 23:26:24.460138'),('ffq49gkumqu9hk60agzbi3wqw81as2jr','.eJxVjDsOwyAQBe9CHSE-BnZTpvcZELAQnERYMnYV5e6xJRdJOzPvvZkP21r91vPiJ2JXJtnll8WQnrkdgh6h3Wee5rYuU-RHwk_b-ThTft3O9u-ghl73tUpuMCpKyEUpoymJkNE5TGEgwGJlFqVosCKS1dbRDgVZTBrBACCyzxfePTd1:1uuNjl:lc9CYgrrZcvFqZExmI55guY3k1t_eMeBqAU8vG5i3J4','2025-09-19 04:07:45.624996'),('fkm96i5vfr2k0qvz23vi9g7j6lpb4w87','.eJxVjDsOwjAQBe_iGlkx_q0p6XMGa9de4wBypDipEHeHSCmgfTPzXiLitta4dV7ilMVFKHH63QjTg9sO8h3bbZZpbusykdwVedAuxznz83q4fwcVe_3WCYofDBvrbNGZg9aZELAgQQBQZ8WZ3MBeAXnyrrgQjNfOKiJiZYN4fwDvUzfx:1uvj32:ZvShHOeK6QvbLedPgFUkI_hgBKOPXErJlJa9UZac_RY','2025-09-22 21:05:12.180749'),('fnhh7nsxuoc5ms686ckmbguhuwq6mbi0','.eJxVjEEOgjAQRe_StWk6Qwsdl-49QzPMtIIaSCisjHdXEha6_e-9_zKJt3VIW81LGtWcDThz-h17lkeedqJ3nm6zlXlal7G3u2IPWu111vy8HO7fwcB1-NYMnfhQnOTSFmRykDU2xF3wHRZRbAMW9KEVRGqUSCMIRgIPFF1A8_4AA_43Iw:1v944q:d3LT_pG8Ku5k-ZLhcAzfREZx2RBixFYVRXMNEyVH_lo','2025-10-15 16:40:12.705747'),('fpyu9ven2775ucicpaaogx4bth3y16n8','.eJxVjEEOwiAQRe_C2hCgEwZcuvcMZIBBqgaS0q6Md9cmXej2v_f-SwTa1hq2wUuYszgLLU6_W6T04LaDfKd26zL1ti5zlLsiDzrktWd-Xg7376DSqN8aPXnDbMlw5IKgqER04CmDs6YoRIqgYAJljVbaQnYINunJGSSyJN4f43I3Pw:1v6brj:-XZGXZtA_M4zXLo6rWx-mjqx5gJRvGrbWvVdWqq_eyA','2025-10-08 22:08:31.738116'),('fr0z5jsgf2630b010l4k477q6c1hsb6p','.eJxVjDsOwyAQBe9CHSE-BnZTpvcZELAQnERYMnYV5e6xJRdJOzPvvZkP21r91vPiJ2JXJtnll8WQnrkdgh6h3Wee5rYuU-RHwk_b-ThTft3O9u-ghl73tUpuMCpKyEUpoymJkNE5TGEgwGJlFqVosCKS1dbRDgVZTBrBACCyzxfePTd1:1uuOM2:WRck1Us5FDGImTAeeltw9lljnVu7nM0-GXxmyCa9oFY','2025-09-19 04:47:18.631023'),('fuy1m1k729xqarsljw1slsugl01gsnok','.eJxVjEEOwiAQRe_C2hCgEwZcuvcMZIBBqgaS0q6Md9cmXej2v_f-SwTa1hq2wUuYszgLLU6_W6T04LaDfKd26zL1ti5zlLsiDzrktWd-Xg7376DSqN8aPXnDbMlw5IKgqER04CmDs6YoRIqgYAJljVbaQnYINunJGSSyJN4f43I3Pw:1v6cqZ:9R5F9s_xOfk8ff28Xn4kiPhCqAsIISkZozeuir44g2g','2025-10-08 23:11:23.503757'),('fzhdwnnrcjtorr6dn90vxarf8hqodbax','.eJxVjDsOwyAQBe9CHSE-BnZTpvcZELAQnERYMnYV5e6xJRdJOzPvvZkP21r91vPiJ2JXJtnll8WQnrkdgh6h3Wee5rYuU-RHwk_b-ThTft3O9u-ghl73tUpuMCpKyEUpoymJkNE5TGEgwGJlFqVosCKS1dbRDgVZTBrBACCyzxfePTd1:1uuO1V:g9_RW9b7uffFLuvgr6p811_P0vCMcbzqvIRg3snx4pA','2025-09-19 04:26:05.385769'),('g2fwtf1jn5zdvk2h5fwdqlx0kvfzsw5n','.eJxVjEEOwiAQRe_C2hCgEwZcuvcMZIBBqgaS0q6Md9cmXej2v_f-SwTa1hq2wUuYszgLLU6_W6T04LaDfKd26zL1ti5zlLsiDzrktWd-Xg7376DSqN8aPXnDbMlw5IKgqER04CmDs6YoRIqgYAJljVbaQnYINunJGSSyJN4f43I3Pw:1v8lDF:O5aOTsOClpwiIgafGXOlV6RMNSuFhLJjQs1zHWkPceo','2025-10-14 20:31:37.722573'),('g2gjctmzd7egufdya5vrjx7vwej00ij6','.eJxVjDsOwjAQBe_iGlkx_q0p6XMGa9de4wBypDipEHeHSCmgfTPzXiLitta4dV7ilMVFKHH63QjTg9sO8h3bbZZpbusykdwVedAuxznz83q4fwcVe_3WCYofDBvrbNGZg9aZELAgQQBQZ8WZ3MBeAXnyrrgQjNfOKiJiZYN4fwDvUzfx:1uvj9V:jaGbI0VYjUgOd1vr86uSxkqAy8vwEcxvve8ULVIx9-c','2025-09-22 21:11:53.623425'),('gdmsmm5qmqee40cw97kqcc6qnmqzn65e','.eJxVjEEOwiAQRe_C2hCgEwZcuvcMZIBBqgaS0q6Md9cmXej2v_f-SwTa1hq2wUuYszgLLU6_W6T04LaDfKd26zL1ti5zlLsiDzrktWd-Xg7376DSqN8aPXnDbMlw5IKgqER04CmDs6YoRIqgYAJljVbaQnYINunJGSSyJN4f43I3Pw:1v8n0m:ZOOuJy8t7RR5HL_C38pz314BpHe_yRtPLm7cwb2ZEpY','2025-10-14 22:26:52.713843'),('gg70rcfdnf3njo59am5gge3scitvqik1','.eJxVjEEOwiAURO_C2hCg8KEu3fcM5MMHqRqalHZlvLs06UJn-ebNvJnHfSt-b2n1M7Erk-zyywLGZ6pHQQ-s94XHpW7rHPih8LNtfFoovW6n-3dQsJW-RsxK5KhVTzSgAxkJdowdOaudEWgBBAEMSEaTM4OUchRJZ0VWgWCfL9C5Ntk:1v18sZ:xmSjkOw4ZBJjHefW0zCz1r58GDL9Z7m7sfUgxtehDZI','2025-10-07 19:40:47.531970'),('ghov73f8koz1wtgnsffpzjfuuztx83p3','.eJxVjDsOwyAQBe9CHSE-BnZTpvcZELAQnERYMnYV5e6xJRdJOzPvvZkP21r91vPiJ2JXJtnll8WQnrkdgh6h3Wee5rYuU-RHwk_b-ThTft3O9u-ghl73tUpuMCpKyEUpoymJkNE5TGEgwGJlFqVosCKS1dbRDgVZTBrBACCyzxfePTd1:1uuMm5:KVLKo4O0crxsotxV4E9gjJLyjEX_QA9vQZSTq-3UXtc','2025-09-19 03:06:05.084408'),('ghw0a1uumfmwirsi6sf0jqwpxuo43a0c','.eJxVjEEOwiAURO_C2hCg8KEu3fcM5MMHqRqalHZlvLs06UJn-ebNvJnHfSt-b2n1M7Erk-zyywLGZ6pHQQ-s94XHpW7rHPih8LNtfFoovW6n-3dQsJW-RsxK5KhVTzSgAxkJdowdOaudEWgBBAEMSEaTM4OUchRJZ0VWgWCfL9C5Ntk:1v18vc:OjyR-0kaNLGDve37zCA5aF7qmqmpBetrGPBWVl7-NQ8','2025-10-07 19:43:56.729651'),('gkq5i4ygh7v85vz31qvemb6t77g2hqdm','.eJxVjEEOwiAQRe_C2hCgEwZcuvcMZIBBqgaS0q6Md9cmXej2v_f-SwTa1hq2wUuYszgLLU6_W6T04LaDfKd26zL1ti5zlLsiDzrktWd-Xg7376DSqN8aPXnDbMlw5IKgqER04CmDs6YoRIqgYAJljVbaQnYINunJGSSyJN4f43I3Pw:1vO0SK:fRJvprTs40ds3NF13qfx5MTq1vDxRt2dfAMOfhI2Eg4','2025-11-25 21:50:12.621774'),('h0g2puztd4p1w49uwxqiiu2noc9fvqzz','.eJxVjEEOwiAQRe_C2hAY6rS4dN8zNMwMSNVAUtqV8e7apAvd_vfef6kpbGuethaXaRZ1UVadfjcK_IhlB3IP5VY117IuM-ld0QdteqwSn9fD_TvIoeVv3XkfkZK4fkgCYjtMZJFjZxEGx0iAPVA0DhMYBjBI515YhD1b61i9P-WWN_s:1uwWVi:pUHvbHsJLK0dqIR2mwGc8rGCELgZBWyovCsikGpDmhg','2025-09-25 01:54:06.944353'),('h1c989qlgddjrrji1tbz49evcplq12et','.eJxVjEEOwiAURO_C2hCg8KEu3fcM5MMHqRqalHZlvLs06UJn-ebNvJnHfSt-b2n1M7Erk-zyywLGZ6pHQQ-s94XHpW7rHPih8LNtfFoovW6n-3dQsJW-RsxK5KhVTzSgAxkJdowdOaudEWgBBAEMSEaTM4OUchRJZ0VWgWCfL9C5Ntk:1v1AKS:gPD98UbBJ00GdgjEQ9fMuYBUVC1nDdXd7ambVRsAo-U','2025-10-07 21:13:40.816031'),('hihnj5we60romnqg3usu7isx9voy824v','.eJxVjDsOwyAQBe9CHSE-BnZTpvcZELAQnERYMnYV5e6xJRdJOzPvvZkP21r91vPiJ2JXJtnll8WQnrkdgh6h3Wee5rYuU-RHwk_b-ThTft3O9u-ghl73tUpuMCpKyEUpoymJkNE5TGEgwGJlFqVosCKS1dbRDgVZTBrBACCyzxfePTd1:1uuNQy:MDZ5bjm_Q4FkdyCnZfGmFWsEknQ-Yg1nUPO1zkrHXNs','2025-09-19 03:48:20.301493'),('hkkm7owaln4gpuxizyzjnr4m6f4tpyjy','.eJxVjEEOwiAURO_C2hCg8KEu3fcM5MMHqRqalHZlvLs06UJn-ebNvJnHfSt-b2n1M7Erk-zyywLGZ6pHQQ-s94XHpW7rHPih8LNtfFoovW6n-3dQsJW-RsxK5KhVTzSgAxkJdowdOaudEWgBBAEMSEaTM4OUchRJZ0VWgWCfL9C5Ntk:1v5nJc:uAsdzatBAmexRfXA-1Ci_CuzWTE85W4bQ1rzN34QOuM','2025-10-20 15:39:56.583605'),('hrpsor4ojpjcxl6dgn7qgnbkqonaww05','.eJxVjEEOwiAURO_C2hCg8KEu3fcM5MMHqRqalHZlvLs06UJn-ebNvJnHfSt-b2n1M7Erk-zyywLGZ6pHQQ-s94XHpW7rHPih8LNtfFoovW6n-3dQsJW-RsxK5KhVTzSgAxkJdowdOaudEWgBBAEMSEaTM4OUchRJZ0VWgWCfL9C5Ntk:1uyIOn:UGnPM5XybTCqhfdtNe4V9cXiU30JrjI3Ema79mY-xxk','2025-09-29 23:14:17.179339'),('hvykoq2bdl5edrpuo1s76jtp28ns3r1j','.eJxVjDsOwyAQBe9CHSE-BnZTpvcZELAQnERYMnYV5e6xJRdJOzPvvZkP21r91vPiJ2JXJtnll8WQnrkdgh6h3Wee5rYuU-RHwk_b-ThTft3O9u-ghl73tUpuMCpKyEUpoymJkNE5TGEgwGJlFqVosCKS1dbRDgVZTBrBACCyzxfePTd1:1utYZ7:e_9VMJCzqKFHgBplWZoIVrtXk2BWn_N2DL0H-z_rK1Q','2025-09-16 21:29:21.304762'),('i5no4fuw507gupsc0i2e8fontp645jgf','.eJxVjEEOwiAQRe_C2hAY6rS4dN8zNMwMSNVAUtqV8e7apAvd_vfef6kpbGuethaXaRZ1UVadfjcK_IhlB3IP5VY117IuM-ld0QdteqwSn9fD_TvIoeVv3XkfkZK4fkgCYjtMZJFjZxEGx0iAPVA0DhMYBjBI515YhD1b61i9P-WWN_s:1uwVLJ:XxWlABcg7q2wrLqDd0OGRLcHcTJcHLyU1QsriztXPlU','2025-09-25 00:39:17.200514'),('i78ceyv7y3pkzl5iyhwwgrvm30rdsij4','.eJxVjEEOwiAURO_C2hCg8KEu3fcM5MMHqRqalHZlvLs06UJn-ebNvJnHfSt-b2n1M7Erk-zyywLGZ6pHQQ-s94XHpW7rHPih8LNtfFoovW6n-3dQsJW-RsxK5KhVTzSgAxkJdowdOaudEWgBBAEMSEaTM4OUchRJZ0VWgWCfL9C5Ntk:1v1Wzh:L4F4hTmQi0vGXiRT3bScT-42Gry--o7SSOYdEo4Dh-4','2025-10-08 21:25:45.703736'),('ib04v0kfjjb2kfokwfgnm9rmecbhcuul','.eJxVjEEOwiAURO_C2hCg8KEu3fcM5MMHqRqalHZlvLs06UJn-ebNvJnHfSt-b2n1M7Erk-zyywLGZ6pHQQ-s94XHpW7rHPih8LNtfFoovW6n-3dQsJW-RsxK5KhVTzSgAxkJdowdOaudEWgBBAEMSEaTM4OUchRJZ0VWgWCfL9C5Ntk:1v1X3e:AYAgsErwI_MpSrW5vJV31mn1Scg0_8vtFL9XcjZHgqs','2025-10-08 21:29:50.193689'),('id10q7lvv1pgqrxhz6h5yfav6anvm6xh','.eJxVjEEOwiAQRe_C2hCgEwZcuvcMZIBBqgaS0q6Md9cmXej2v_f-SwTa1hq2wUuYszgLLU6_W6T04LaDfKd26zL1ti5zlLsiDzrktWd-Xg7376DSqN8aPXnDbMlw5IKgqER04CmDs6YoRIqgYAJljVbaQnYINunJGSSyJN4f43I3Pw:1v8mIQ:Yrn0HeIyZzKC7JjlLbrsn7zg3ESCBUbzB7BRtQSUiOA','2025-10-14 21:41:02.361303'),('iduneztnslyxj9uzjsn8tpg6j1qatkjx','.eJxVjEEOwiAURO_C2hCg8KEu3fcM5MMHqRqalHZlvLs06UJn-ebNvJnHfSt-b2n1M7Erk-zyywLGZ6pHQQ-s94XHpW7rHPih8LNtfFoovW6n-3dQsJW-RsxK5KhVTzSgAxkJdowdOaudEWgBBAEMSEaTM4OUchRJZ0VWgWCfL9C5Ntk:1v1AFc:kZZpMLATVOixeEWphTccrnnZ03aq3pHnWx2RSVpu3bA','2025-10-07 21:08:40.335994'),('ih3tl9evolpkv6kbqjtuubau84vo1f21','.eJxVjEEOwiAURO_C2hCg8KEu3fcM5MMHqRqalHZlvLs06UJn-ebNvJnHfSt-b2n1M7Erk-zyywLGZ6pHQQ-s94XHpW7rHPih8LNtfFoovW6n-3dQsJW-RsxK5KhVTzSgAxkJdowdOaudEWgBBAEMSEaTM4OUchRJZ0VWgWCfL9C5Ntk:1v19OU:pWDqHxaUdty7o6Z4GQHxgqggpjh9EV2fQdIIN-sWYYQ','2025-10-07 20:13:46.597665'),('ikgj7y8zr37jbn7vov35of1b1rjxltvd','.eJxVjEEOwiAQRe_C2hCgEwZcuvcMZIBBqgaS0q6Md9cmXej2v_f-SwTa1hq2wUuYszgLLU6_W6T04LaDfKd26zL1ti5zlLsiDzrktWd-Xg7376DSqN8aPXnDbMlw5IKgqER04CmDs6YoRIqgYAJljVbaQnYINunJGSSyJN4f43I3Pw:1v6cb8:J02MQktK5RA_T_UChxgV5W0wzOoDGKfdiQhEp5Rd67E','2025-10-08 22:55:26.721077'),('itdw44c6xi3qy2xexfq1xtdiyvunsgcg','.eJxVjEEOwiAQRe_C2hCgEwZcuvcMZIBBqgaS0q6Md9cmXej2v_f-SwTa1hq2wUuYszgLLU6_W6T04LaDfKd26zL1ti5zlLsiDzrktWd-Xg7376DSqN8aPXnDbMlw5IKgqER04CmDs6YoRIqgYAJljVbaQnYINunJGSSyJN4f43I3Pw:1vO0q0:5h_5rBeRAefxSX8-MCH9uUvNv7RNjym__z4-Qr1z-ec','2025-11-25 22:14:40.130217'),('ivrr9maab7l5h824uqfbkswybf9sezzy','.eJxVjEEOwiAQRe_C2hCgEwZcuvcMZIBBqgaS0q6Md9cmXej2v_f-SwTa1hq2wUuYszgLLU6_W6T04LaDfKd26zL1ti5zlLsiDzrktWd-Xg7376DSqN8aPXnDbMlw5IKgqER04CmDs6YoRIqgYAJljVbaQnYINunJGSSyJN4f43I3Pw:1v6egR:ZRpN5qpLq9KE8Y_A6CcbVjKGne0_wyKFyS6k4IBRUn4','2025-10-09 01:09:03.599451'),('j0gna71gibh7wze18yh8ishnt8zcdem5','.eJxVjEEOwiAURO_C2hCg8KEu3fcM5MMHqRqalHZlvLs06UJn-ebNvJnHfSt-b2n1M7Erk-zyywLGZ6pHQQ-s94XHpW7rHPih8LNtfFoovW6n-3dQsJW-RsxK5KhVTzSgAxkJdowdOaudEWgBBAEMSEaTM4OUchRJZ0VWgWCfL9C5Ntk:1v1YL2:L3YVcfvwtYNW0ypCsIU-LplbB2agAl4QCEXXwLo4NCc','2025-10-08 22:51:52.453122'),('j2g9idyvave5tahd988251c6tgarv0ha','.eJxVjEEOwiAURO_C2hCg8KEu3fcM5MMHqRqalHZlvLs06UJn-ebNvJnHfSt-b2n1M7Erk-zyywLGZ6pHQQ-s94XHpW7rHPih8LNtfFoovW6n-3dQsJW-RsxK5KhVTzSgAxkJdowdOaudEWgBBAEMSEaTM4OUchRJZ0VWgWCfL9C5Ntk:1v1XKr:5u91taZnt8K6vOdAEMe5b5emrPXjC4UP3zxXyaqvxfk','2025-10-08 21:47:37.554190'),('ja7cu8lyvbenv5iaw4vypura9vmsgwt8','.eJxVjEEOwiAQRe_C2hCgEwZcuvcMZIBBqgaS0q6Md9cmXej2v_f-SwTa1hq2wUuYszgLLU6_W6T04LaDfKd26zL1ti5zlLsiDzrktWd-Xg7376DSqN8aPXnDbMlw5IKgqER04CmDs6YoRIqgYAJljVbaQnYINunJGSSyJN4f43I3Pw:1v5sKG:0_Y-HzNYRFayfMUrH8yl09k7mTcNuBVePJbwBXsDbJQ','2025-10-06 21:30:56.189883'),('jb9ixu81nkof2ngu4juxezbs9qrhrzce','.eJxVjEEOwiAURO_C2hCg8KEu3fcM5MMHqRqalHZlvLs06UJn-ebNvJnHfSt-b2n1M7Erk-zyywLGZ6pHQQ-s94XHpW7rHPih8LNtfFoovW6n-3dQsJW-RsxK5KhVTzSgAxkJdowdOaudEWgBBAEMSEaTM4OUchRJZ0VWgWCfL9C5Ntk:1v18o3:QDur_SwDPMhRQfTGcTcygRqGDVgVQsNAjEqGFZOmrPM','2025-10-07 19:36:07.466840'),('jfdqlmpsguy1et36zrlyje715glg0lcw','.eJxVjEEOwiAURO_C2hCg8KEu3fcM5MMHqRqalHZlvLs06UJn-ebNvJnHfSt-b2n1M7Erk-zyywLGZ6pHQQ-s94XHpW7rHPih8LNtfFoovW6n-3dQsJW-RsxK5KhVTzSgAxkJdowdOaudEWgBBAEMSEaTM4OUchRJZ0VWgWCfL9C5Ntk:1v5n5y:e1zARvu3vUDaHk3v6E1NvxluJF74mHq4jzVt5vTjx2I','2025-10-20 15:25:50.947761'),('jguhqf5chs2te71bk7ist2wuja1c6639','.eJxVjDsOwjAQBe_iGlkx_q0p6XMGa9de4wBypDipEHeHSCmgfTPzXiLitta4dV7ilMVFKHH63QjTg9sO8h3bbZZpbusykdwVedAuxznz83q4fwcVe_3WCYofDBvrbNGZg9aZELAgQQBQZ8WZ3MBeAXnyrrgQjNfOKiJiZYN4fwDvUzfx:1uvjHy:EPAHagxVt9z_Qh35XHuoRqrbK0Axs7sSu7mkt03peo8','2025-09-22 21:20:38.941981'),('jli8grnlk6i71sen1v80j2qh1ozsl0fy','.eJxVjEEOwiAQRe_C2hCgEwZcuvcMZIBBqgaS0q6Md9cmXej2v_f-SwTa1hq2wUuYszgLLU6_W6T04LaDfKd26zL1ti5zlLsiDzrktWd-Xg7376DSqN8aPXnDbMlw5IKgqER04CmDs6YoRIqgYAJljVbaQnYINunJGSSyJN4f43I3Pw:1vNfpw:Uu1MwB0cVdOEoxbXLijggyTxbznpEuCcM1Ca8yg6nKY','2025-11-24 23:49:12.545098'),('jlyv2v4bkmhcw7odhn1n8gkxvruqdjku','.eJxVjEEOwiAQRe_C2hAY6rS4dN8zNMwMSNVAUtqV8e7apAvd_vfef6kpbGuethaXaRZ1UVadfjcK_IhlB3IP5VY117IuM-ld0QdteqwSn9fD_TvIoeVv3XkfkZK4fkgCYjtMZJFjZxEGx0iAPVA0DhMYBjBI515YhD1b61i9P-WWN_s:1uyCOL:mDEZoGq517K8JXiu6OT6pAJR911kg04sGOdoha4WwAU','2025-09-29 16:49:25.046146'),('jp129d4uat6wmqi2g6gmnzy95wgq96rq','.eJxVjDsOwyAQBe9CHSE-BnZTpvcZELAQnERYMnYV5e6xJRdJOzPvvZkP21r91vPiJ2JXJtnll8WQnrkdgh6h3Wee5rYuU-RHwk_b-ThTft3O9u-ghl73tUpuMCpKyEUpoymJkNE5TGEgwGJlFqVosCKS1dbRDgVZTBrBACCyzxfePTd1:1uuNOD:cSJRBLFqvUSzVbYRhByjMd_xCbQg3RUN9ugrBBelDC8','2025-09-19 03:45:29.633606'),('jr51uetf26sthsd3g6ijsklw8i0c012l','.eJxVjEEOgjAQRe_StWk6Qwsdl-49QzPMtIIaSCisjHdXEha6_e-9_zKJt3VIW81LGtWcDThz-h17lkeedqJ3nm6zlXlal7G3u2IPWu111vy8HO7fwcB1-NYMnfhQnOTSFmRykDU2xF3wHRZRbAMW9KEVRGqUSCMIRgIPFF1A8_4AA_43Iw:1v8ouN:BtkPr584pBEIc85hRhRuB2gv9-A75Syd4__27cEklew','2025-10-15 00:28:23.695945'),('jtvwaw4wknxpyr60m1r51v20iy5mipgd','.eJxVjEEOwiAURO_C2hCg8KEu3fcM5MMHqRqalHZlvLs06UJn-ebNvJnHfSt-b2n1M7Erk-zyywLGZ6pHQQ-s94XHpW7rHPih8LNtfFoovW6n-3dQsJW-RsxK5KhVTzSgAxkJdowdOaudEWgBBAEMSEaTM4OUchRJZ0VWgWCfL9C5Ntk:1v19xo:KiJ4R0PFiGFqm6PRaQmP1fFiKmM0n36Oj_QL9ymhzfM','2025-10-07 20:50:16.510864'),('jv7jpzt9yi8mq1qq0ahouzh52lqnu3t8','.eJxVjEEOwiAQRe_C2hCgEwZcuvcMZIBBqgaS0q6Md9cmXej2v_f-SwTa1hq2wUuYszgLLU6_W6T04LaDfKd26zL1ti5zlLsiDzrktWd-Xg7376DSqN8aPXnDbMlw5IKgqER04CmDs6YoRIqgYAJljVbaQnYINunJGSSyJN4f43I3Pw:1v6cLl:Yk2t_T7SBxjTcGEE3GaWfJEDwl96DEsJiFKA63LoMB4','2025-10-08 22:39:33.835101'),('k8ml8wbkxjkt5ydw19z3fxggc6aa5mxz','.eJxVjEEOwiAQRe_C2hCgEwZcuvcMZIBBqgaS0q6Md9cmXej2v_f-SwTa1hq2wUuYszgLLU6_W6T04LaDfKd26zL1ti5zlLsiDzrktWd-Xg7376DSqN8aPXnDbMlw5IKgqER04CmDs6YoRIqgYAJljVbaQnYINunJGSSyJN4f43I3Pw:1vOpV5:4X3WxudrbWK5-Iy67DwKFwDvdQLFzsjLd8RGb6AyWh0','2025-11-28 04:20:27.859051'),('k8u6ubu15jew5qnfndhh9a4ni2e69uv7','.eJxVjEEOwiAQRe_C2hCgEwZcuvcMZIBBqgaS0q6Md9cmXej2v_f-SwTa1hq2wUuYszgLLU6_W6T04LaDfKd26zL1ti5zlLsiDzrktWd-Xg7376DSqN8aPXnDbMlw5IKgqER04CmDs6YoRIqgYAJljVbaQnYINunJGSSyJN4f43I3Pw:1v5rmf:ia5IgNC2klKMz6jPQojNkN1ClCkYWF9YZywmjXGwLtc','2025-10-06 20:56:13.960041'),('k98oidm0wr068ygo70bpjnrk75qq0a5c','.eJxVjEEOwiAURO_C2hCg8KEu3fcM5MMHqRqalHZlvLs06UJn-ebNvJnHfSt-b2n1M7Erk-zyywLGZ6pHQQ-s94XHpW7rHPih8LNtfFoovW6n-3dQsJW-RsxK5KhVTzSgAxkJdowdOaudEWgBBAEMSEaTM4OUchRJZ0VWgWCfL9C5Ntk:1v1AC1:V_tjnD109kBrJv_V8CGL2IAb97OSkJjuz_lNC0Y9APM','2025-10-07 21:04:57.807959'),('kag1pb5f15gz4eegbqevkl70kcfskk05','.eJxVjEEOwiAQRe_C2hAY6rS4dN8zNMwMSNVAUtqV8e7apAvd_vfef6kpbGuethaXaRZ1UVadfjcK_IhlB3IP5VY117IuM-ld0QdteqwSn9fD_TvIoeVv3XkfkZK4fkgCYjtMZJFjZxEGx0iAPVA0DhMYBjBI515YhD1b61i9P-WWN_s:1uyC0m:t4pJ7E7UedKcYLN8fjMuQ7HICBOI39EUgiaHVZdJl-8','2025-09-29 16:25:04.560131'),('kbmxrc2z7bu9bkzdpyglal8ss6s5jjtp','.eJxVjEEOwiAQRe_C2hCgEwZcuvcMZIBBqgaS0q6Md9cmXej2v_f-SwTa1hq2wUuYszgLLU6_W6T04LaDfKd26zL1ti5zlLsiDzrktWd-Xg7376DSqN8aPXnDbMlw5IKgqER04CmDs6YoRIqgYAJljVbaQnYINunJGSSyJN4f43I3Pw:1vOlkK:uD1uSzdJbkBz7ui4WtQx7mcN81s7vHBnXOCZPfZb-7I','2025-11-28 00:19:56.857060'),('kbwqr73c4mzbkoyfzy7mqujhscvyty9n','.eJxVjEEOwiAURO_C2hCg8KEu3fcM5MMHqRqalHZlvLs06UJn-ebNvJnHfSt-b2n1M7Erk-zyywLGZ6pHQQ-s94XHpW7rHPih8LNtfFoovW6n-3dQsJW-RsxK5KhVTzSgAxkJdowdOaudEWgBBAEMSEaTM4OUchRJZ0VWgWCfL9C5Ntk:1v1C1d:HZvB_Y1UZPd2LHZnN5W-PNd2ObdeiB4xzUkcM2Ga2v0','2025-10-07 23:02:21.270317'),('kcugmdo56t6p35sjy81wzemyopp1k7ac','.eJxVjEEOwiAURO_C2hCg8KEu3fcM5MMHqRqalHZlvLs06UJn-ebNvJnHfSt-b2n1M7Erk-zyywLGZ6pHQQ-s94XHpW7rHPih8LNtfFoovW6n-3dQsJW-RsxK5KhVTzSgAxkJdowdOaudEWgBBAEMSEaTM4OUchRJZ0VWgWCfL9C5Ntk:1v1Ae0:spOv8HNOv5xbZvoNxe0EAczz0fVtauztoQUSv7PEHvk','2025-10-07 21:33:52.456069'),('kddat75to0yws8ldfib7b02wo1uhzg10','.eJxVjEEOwiAQRe_C2hCgEwZcuvcMZIBBqgaS0q6Md9cmXej2v_f-SwTa1hq2wUuYszgLLU6_W6T04LaDfKd26zL1ti5zlLsiDzrktWd-Xg7376DSqN8aPXnDbMlw5IKgqER04CmDs6YoRIqgYAJljVbaQnYINunJGSSyJN4f43I3Pw:1v7Fat:2ngegWdSbNxC-mUFGYSmEB6UkYcQhypH1ujDypMSYng','2025-10-10 16:33:47.519212'),('kjxs5bnynezl3dc8fpckqdnpzcf3f0gf','.eJxVjEEOwiAURO_C2hCg8KEu3fcM5MMHqRqalHZlvLs06UJn-ebNvJnHfSt-b2n1M7Erk-zyywLGZ6pHQQ-s94XHpW7rHPih8LNtfFoovW6n-3dQsJW-RsxK5KhVTzSgAxkJdowdOaudEWgBBAEMSEaTM4OUchRJZ0VWgWCfL9C5Ntk:1v1XIB:GQ1g-litCVwt9A2v5wploLAIch1hkJ0eCorpK97Fxpw','2025-10-08 21:44:51.608209'),('ko5k0aqgns6p7kpexsw0dozoovoyxodu','.eJxVjEEOwiAQRe_C2hCgEwZcuvcMZIBBqgaS0q6Md9cmXej2v_f-SwTa1hq2wUuYszgLLU6_W6T04LaDfKd26zL1ti5zlLsiDzrktWd-Xg7376DSqN8aPXnDbMlw5IKgqER04CmDs6YoRIqgYAJljVbaQnYINunJGSSyJN4f43I3Pw:1v94Cs:9tiW14Zl1bCqxQkEjmyT5BnF6WYuFtyYnME8sazD3lU','2025-10-15 16:48:30.694690'),('kvl1awsmi8stivpdlk10jhnavmrxq2rx','.eJxVjEEOwiAURO_C2hCg8KEu3fcM5MMHqRqalHZlvLs06UJn-ebNvJnHfSt-b2n1M7Erk-zyywLGZ6pHQQ-s94XHpW7rHPih8LNtfFoovW6n-3dQsJW-RsxK5KhVTzSgAxkJdowdOaudEWgBBAEMSEaTM4OUchRJZ0VWgWCfL9C5Ntk:1uyHZd:6OKGHHM8o-KKe5ULn33olFsGcAnedhxNuq5mKTl0ZwU','2025-09-29 22:21:25.686649'),('kz73tp4pyy3w005200e1at3tsiujgid0','.eJxVjEEOwiAQRe_C2hAY6rS4dN8zNMwMSNVAUtqV8e7apAvd_vfef6kpbGuethaXaRZ1UVadfjcK_IhlB3IP5VY117IuM-ld0QdteqwSn9fD_TvIoeVv3XkfkZK4fkgCYjtMZJFjZxEGx0iAPVA0DhMYBjBI515YhD1b61i9P-WWN_s:1uwUT6:W2mWLXZwcH4B-p-qonbGFtT-wpQZJFVrRfhJ9NKGYg4','2025-09-24 23:43:16.267636'),('l1pl6jkzppzghnm9zn13budddiuvx6hh','.eJxVjDsOwjAQBe_iGlkx_q0p6XMGa9de4wBypDipEHeHSCmgfTPzXiLitta4dV7ilMVFKHH63QjTg9sO8h3bbZZpbusykdwVedAuxznz83q4fwcVe_3WCYofDBvrbNGZg9aZELAgQQBQZ8WZ3MBeAXnyrrgQjNfOKiJiZYN4fwDvUzfx:1uvikJ:WHIOODuyiQGJjugRU1xB6MAMK4UvKkY9ym_h4j2ZPt8','2025-09-22 20:45:51.189423'),('l52qfclf4poc106dcrx4njvqwvmsbjwf','.eJxVjDsOwjAQBe_iGlkx_q0p6XMGa9de4wBypDipEHeHSCmgfTPzXiLitta4dV7ilMVFKHH63QjTg9sO8h3bbZZpbusykdwVedAuxznz83q4fwcVe_3WCYofDBvrbNGZg9aZELAgQQBQZ8WZ3MBeAXnyrrgQjNfOKiJiZYN4fwDvUzfx:1uw7FI:6Lg9RmfkPOjhDE8p_hyDo4vCm1Wu9ks-zxsFr2GxOrA','2025-09-23 22:55:28.653911'),('l9rx4j978h3uawc2uokhc51319xp0jn1','.eJxVjEEOwiAQRe_C2hCgEwZcuvcMZIBBqgaS0q6Md9cmXej2v_f-SwTa1hq2wUuYszgLLU6_W6T04LaDfKd26zL1ti5zlLsiDzrktWd-Xg7376DSqN8aPXnDbMlw5IKgqER04CmDs6YoRIqgYAJljVbaQnYINunJGSSyJN4f43I3Pw:1v6eeV:fGWnCMnKFDRrAtiu9tJRvlEl7FXQ1xPmGMSwlKfgZEs','2025-10-09 01:07:03.750022'),('lkz5dyo9dx85ajeq0m75t1lo44obogfh','.eJxVjDsOwyAQBe9CHSE-BnZTpvcZELAQnERYMnYV5e6xJRdJOzPvvZkP21r91vPiJ2JXJtnll8WQnrkdgh6h3Wee5rYuU-RHwk_b-ThTft3O9u-ghl73tUpuMCpKyEUpoymJkNE5TGEgwGJlFqVosCKS1dbRDgVZTBrBACCyzxfePTd1:1uuNRv:pJxVC4yaKn5zNjN7uHbk89V_MSsL3798a6g6X01dC40','2025-09-19 03:49:19.477903'),('lmagtkafugs2d7kft00md51e0d8a6wp4','.eJxVjEEOwiAQRe_C2hCgEwZcuvcMZIBBqgaS0q6Md9cmXej2v_f-SwTa1hq2wUuYszgLLU6_W6T04LaDfKd26zL1ti5zlLsiDzrktWd-Xg7376DSqN8aPXnDbMlw5IKgqER04CmDs6YoRIqgYAJljVbaQnYINunJGSSyJN4f43I3Pw:1vOJ3Z:WwRdKNH7HTtrbMdEcaiH-e3sTwUuKKxCZk89DerxYJo','2025-11-26 17:41:53.576134'),('lryivbt1gquludemkshn6nsxfpz94ltz','.eJxVjEEOwiAQRe_C2hAY6rS4dN8zNMwMSNVAUtqV8e7apAvd_vfef6kpbGuethaXaRZ1UVadfjcK_IhlB3IP5VY117IuM-ld0QdteqwSn9fD_TvIoeVv3XkfkZK4fkgCYjtMZJFjZxEGx0iAPVA0DhMYBjBI515YhD1b61i9P-WWN_s:1uwWCL:VbSvO0k16n1pVFN1EZobKwJx1WEW9TiVSAGZYeN0kok','2025-09-25 01:34:05.425957'),('m6m74doqecawy9mwh0vtnjx4kno19wdr','.eJxVjEEOwiAQRe_C2hCgEwZcuvcMZIBBqgaS0q6Md9cmXej2v_f-SwTa1hq2wUuYszgLLU6_W6T04LaDfKd26zL1ti5zlLsiDzrktWd-Xg7376DSqN8aPXnDbMlw5IKgqER04CmDs6YoRIqgYAJljVbaQnYINunJGSSyJN4f43I3Pw:1v8oUp:N8xBf44Z0Ggk3CNFq5gKNdsJU5vEz8DyjqBEFOsOgoo','2025-10-15 00:01:59.102103'),('m8kttdgj3cy8eln64yx5mbg7lzqd6wq7','.eJxVjEEOgjAQRe_StWk6Qwsdl-49QzPMtIIaSCisjHdXEha6_e-9_zKJt3VIW81LGtWcDThz-h17lkeedqJ3nm6zlXlal7G3u2IPWu111vy8HO7fwcB1-NYMnfhQnOTSFmRykDU2xF3wHRZRbAMW9KEVRGqUSCMIRgIPFF1A8_4AA_43Iw:1v2GEm:G9pYnV63Elo5heayw4ATRGMQ6LwZRNPI7lwqDMZC_Pc','2025-10-10 21:44:20.160730'),('md0lv067dp3b261cnxosdbm92goujpi1','.eJxVjEEOwiAQRe_C2hCgEwZcuvcMZIBBqgaS0q6Md9cmXej2v_f-SwTa1hq2wUuYszgLLU6_W6T04LaDfKd26zL1ti5zlLsiDzrktWd-Xg7376DSqN8aPXnDbMlw5IKgqER04CmDs6YoRIqgYAJljVbaQnYINunJGSSyJN4f43I3Pw:1vOpTj:HhEyH7wz38cRTxwCDCw9CkZNB_22UZ_OpPMnsnNRtVE','2025-11-28 04:19:03.669035'),('mdurk1slmr9p12v2diwsdy6r64lkhw6w','.eJxVjEEOwiAQRe_C2hCgEwZcuvcMZIBBqgaS0q6Md9cmXej2v_f-SwTa1hq2wUuYszgLLU6_W6T04LaDfKd26zL1ti5zlLsiDzrktWd-Xg7376DSqN8aPXnDbMlw5IKgqER04CmDs6YoRIqgYAJljVbaQnYINunJGSSyJN4f43I3Pw:1vOmMh:pBd_VBLnZLTQ4ZSIQDH0pkEC-Yodb0jfDCgNEE5OvD0','2025-11-28 00:59:35.249670'),('mhc0e4r9gm4lasilwl6hkb6khszoml0o','.eJxVjEEOwiAQRe_C2hAY6rS4dN8zNMwMSNVAUtqV8e7apAvd_vfef6kpbGuethaXaRZ1UVadfjcK_IhlB3IP5VY117IuM-ld0QdteqwSn9fD_TvIoeVv3XkfkZK4fkgCYjtMZJFjZxEGx0iAPVA0DhMYBjBI515YhD1b61i9P-WWN_s:1uwUYJ:2YOwiZSNbXIhElzJxj9VbTQAUpNJ0buGYL7PD5b-Qus','2025-09-24 23:48:39.740906'),('mhhdl9qlwgfizj2wdiy4tnbtsg78j423','.eJxVjEEOwiAQRe_C2hAY6rS4dN8zNMwMSNVAUtqV8e7apAvd_vfef6kpbGuethaXaRZ1UVadfjcK_IhlB3IP5VY117IuM-ld0QdteqwSn9fD_TvIoeVv3XkfkZK4fkgCYjtMZJFjZxEGx0iAPVA0DhMYBjBI515YhD1b61i9P-WWN_s:1uyC1V:y9MMlswXP5l-iZWnpzlWLXolqQ_dlwQw33bW8Q6Us8w','2025-09-29 16:25:49.462121'),('mihuwnh3d9p6is6qzgvwpvy9xrkl7vqe','.eJxVjEEOwiAQRe_C2hCgEwZcuvcMZIBBqgaS0q6Md9cmXej2v_f-SwTa1hq2wUuYszgLLU6_W6T04LaDfKd26zL1ti5zlLsiDzrktWd-Xg7376DSqN8aPXnDbMlw5IKgqER04CmDs6YoRIqgYAJljVbaQnYINunJGSSyJN4f43I3Pw:1v8nlP:F-Uqo9JJ7puFCT6JQR9AhTeMSSNuXAfWUrrg3mWA6uE','2025-10-14 23:15:03.205091'),('mvgucb7f8nicfduf9sskdpitqz12c03p','.eJxVjEEOwiAURO_C2hCg8KEu3fcM5MMHqRqalHZlvLs06UJn-ebNvJnHfSt-b2n1M7Erk-zyywLGZ6pHQQ-s94XHpW7rHPih8LNtfFoovW6n-3dQsJW-RsxK5KhVTzSgAxkJdowdOaudEWgBBAEMSEaTM4OUchRJZ0VWgWCfL9C5Ntk:1v15J9:0GJXOgI2PnVLExM3KXankKIr8hBeFYTmDlLzURUS6g4','2025-10-07 15:51:59.999015'),('mzcxhik385b902ldxmuzikpy38ha9gzs','.eJxVjEEOwiAQRe_C2hCgEwZcuvcMZIBBqgaS0q6Md9cmXej2v_f-SwTa1hq2wUuYszgLLU6_W6T04LaDfKd26zL1ti5zlLsiDzrktWd-Xg7376DSqN8aPXnDbMlw5IKgqER04CmDs6YoRIqgYAJljVbaQnYINunJGSSyJN4f43I3Pw:1vOitX:csb6e2MVq4euMXqhrqv4JL32VH37SjhaBDf1EelRAuk','2025-11-27 21:17:15.642280'),('n1tvwiw4xbnj1txu652m65k4zzzlps6y','.eJxVjEEOwiAURO_C2hCg8KEu3fcM5MMHqRqalHZlvLs06UJn-ebNvJnHfSt-b2n1M7Erk-zyywLGZ6pHQQ-s94XHpW7rHPih8LNtfFoovW6n-3dQsJW-RsxK5KhVTzSgAxkJdowdOaudEWgBBAEMSEaTM4OUchRJZ0VWgWCfL9C5Ntk:1v15AS:R1U553OJ2AEJDHYuJ5f8Kiso33vGqIMzeYUBlOl4dYk','2025-10-07 15:43:00.899085'),('n1z4iawmfzohtuc863j2c0awskob77p0','.eJxVjEEOwiAQRe_C2hCgEwZcuvcMZIBBqgaS0q6Md9cmXej2v_f-SwTa1hq2wUuYszgLLU6_W6T04LaDfKd26zL1ti5zlLsiDzrktWd-Xg7376DSqN8aPXnDbMlw5IKgqER04CmDs6YoRIqgYAJljVbaQnYINunJGSSyJN4f43I3Pw:1v8oJ7:wlNKUUiOnRUtVMQlyyRz3Fe8rPrj1CmnBfQxQjbCG9A','2025-10-14 23:49:53.591243'),('n9vvsjsngn3fnfhmyn74u94bbl0xgqep','.eJxVjEEOwiAURO_C2hCg8KEu3fcM5MMHqRqalHZlvLs06UJn-ebNvJnHfSt-b2n1M7Erk-zyywLGZ6pHQQ-s94XHpW7rHPih8LNtfFoovW6n-3dQsJW-RsxK5KhVTzSgAxkJdowdOaudEWgBBAEMSEaTM4OUchRJZ0VWgWCfL9C5Ntk:1v1AV4:YN1MAmCWjoDWZVAn6VRythRXprHwRCrJbkUKO-Nbors','2025-10-07 21:24:38.451432'),('na1p8z5um23m9p5m8tmpj9yvwf99n68a','.eJxVjEEOwiAURO_C2hCg8KEu3fcM5MMHqRqalHZlvLs06UJn-ebNvJnHfSt-b2n1M7Erk-zyywLGZ6pHQQ-s94XHpW7rHPih8LNtfFoovW6n-3dQsJW-RsxK5KhVTzSgAxkJdowdOaudEWgBBAEMSEaTM4OUchRJZ0VWgWCfL9C5Ntk:1v15OC:qPkTwwdzA5UupizvDaHB6-xcYS9eS6RoX55W37ef_kQ','2025-10-07 15:57:12.675935'),('nhzjiex6063xoa3ivkz8g80abumvdvux','.eJxVjEEOwiAQRe_C2hCgEwZcuvcMZIBBqgaS0q6Md9cmXej2v_f-SwTa1hq2wUuYszgLLU6_W6T04LaDfKd26zL1ti5zlLsiDzrktWd-Xg7376DSqN8aPXnDbMlw5IKgqER04CmDs6YoRIqgYAJljVbaQnYINunJGSSyJN4f43I3Pw:1vOpF4:jXb_zrmRCcfuj_4pEzdUx_J8naqhV2zS4BLrWlZzN10','2025-11-28 04:03:54.841217'),('ni01e9fin3auefugxw0lcxx81m1yvl3a','.eJxVjEEOwiAURO_C2hCg8KEu3fcM5MMHqRqalHZlvLs06UJn-ebNvJnHfSt-b2n1M7Erk-zyywLGZ6pHQQ-s94XHpW7rHPih8LNtfFoovW6n-3dQsJW-RsxK5KhVTzSgAxkJdowdOaudEWgBBAEMSEaTM4OUchRJZ0VWgWCfL9C5Ntk:1v5obW:jvQiGNRUlMWdQe-IvLJFp7Le3D_hu1MiYF6wjoSfUZE','2025-10-06 17:32:30.196724'),('nihnukyqiw6jn4wwmg39yvg4hguc7ojb','.eJxVjDsOwyAQBe9CHSE-BnZTpvcZELAQnERYMnYV5e6xJRdJOzPvvZkP21r91vPiJ2JXJtnll8WQnrkdgh6h3Wee5rYuU-RHwk_b-ThTft3O9u-ghl73tUpuMCpKyEUpoymJkNE5TGEgwGJlFqVosCKS1dbRDgVZTBrBACCyzxfePTd1:1utYHH:xQmovlw0SYqgtcEW1mPRTzCocdsT9ftDu-Eoyyhnbp8','2025-09-16 21:10:55.235411'),('niy7vrv328cokthc13txiz2xcwxnj8yw','.eJxVjEEOwiAQRe_C2hCgEwZcuvcMZIBBqgaS0q6Md9cmXej2v_f-SwTa1hq2wUuYszgLLU6_W6T04LaDfKd26zL1ti5zlLsiDzrktWd-Xg7376DSqN8aPXnDbMlw5IKgqER04CmDs6YoRIqgYAJljVbaQnYINunJGSSyJN4f43I3Pw:1v6eZf:BpaME3r6w8LpHx9CkZLyKeJKy-iW5wj4B4POhCfEX5Y','2025-10-09 01:02:03.420319'),('nm1kex5x3fwy2t550r1bhj5zxf27u9vi','.eJxVjEEOgjAQRe_StWk6Qwsdl-49QzPMtIIaSCisjHdXEha6_e-9_zKJt3VIW81LGtWcDThz-h17lkeedqJ3nm6zlXlal7G3u2IPWu111vy8HO7fwcB1-NYMnfhQnOTSFmRykDU2xF3wHRZRbAMW9KEVRGqUSCMIRgIPFF1A8_4AA_43Iw:1v8ooZ:SVxHpZI0vCxWD46jR1HYyDUDXY6rsNyqkj84XQs2kLk','2025-10-15 00:22:23.938831'),('nrgf7l5pbaa1575puwfajjt3g4gwfzvm','.eJxVjDsOwyAQBe9CHSE-BnZTpvcZELAQnERYMnYV5e6xJRdJOzPvvZkP21r91vPiJ2JXJtnll8WQnrkdgh6h3Wee5rYuU-RHwk_b-ThTft3O9u-ghl73tUpuMCpKyEUpoymJkNE5TGEgwGJlFqVosCKS1dbRDgVZTBrBACCyzxfePTd1:1urpHD:umyrc_hWK-xS5PXl1bFRPmA_eLmLPWtaNtZ1CdquFbI','2025-09-12 02:55:43.593688'),('ns3oi78xduibaoxaa2xwmh9uctw70zo6','.eJxVjEEOwiAQRe_C2hCgEwZcuvcMZIBBqgaS0q6Md9cmXej2v_f-SwTa1hq2wUuYszgLLU6_W6T04LaDfKd26zL1ti5zlLsiDzrktWd-Xg7376DSqN8aPXnDbMlw5IKgqER04CmDs6YoRIqgYAJljVbaQnYINunJGSSyJN4f43I3Pw:1vOl5P:D_sPnMNa--cTClyeXr_NJXBIjoH0Rp7fEeoVjKFY1HE','2025-11-27 23:37:39.473579'),('o2qxxzluw1t2r8kn6eblb7o6l88mqxqj','.eJxVjEEOwiAURO_C2hCg8KEu3fcM5MMHqRqalHZlvLs06UJn-ebNvJnHfSt-b2n1M7Erk-zyywLGZ6pHQQ-s94XHpW7rHPih8LNtfFoovW6n-3dQsJW-RsxK5KhVTzSgAxkJdowdOaudEWgBBAEMSEaTM4OUchRJZ0VWgWCfL9C5Ntk:1v1XEf:Uj6Wwe8_pIQ-EExjfEYrb6vVucDbeEdRmrbIn2l090c','2025-10-08 21:41:13.660861'),('o5565amgmd3kwbwqnx3u0k72bgtq03zt','.eJxVjEEOwiAQRe_C2hCgEwZcuvcMZIBBqgaS0q6Md9cmXej2v_f-SwTa1hq2wUuYszgLLU6_W6T04LaDfKd26zL1ti5zlLsiDzrktWd-Xg7376DSqN8aPXnDbMlw5IKgqER04CmDs6YoRIqgYAJljVbaQnYINunJGSSyJN4f43I3Pw:1vOmOD:7fhXvScdSV_rhoxS35nDTvo_ptaQhh6IHLxTchEXSZE','2025-11-28 01:01:09.578803'),('o75l0xnrdq0e2e3ezaq6i11ytz9r86hg','.eJxVjDsOwjAQBe_iGlkx_q0p6XMGa9de4wBypDipEHeHSCmgfTPzXiLitta4dV7ilMVFKHH63QjTg9sO8h3bbZZpbusykdwVedAuxznz83q4fwcVe_3WCYofDBvrbNGZg9aZELAgQQBQZ8WZ3MBeAXnyrrgQjNfOKiJiZYN4fwDvUzfx:1uw556:N-_F7KpSkudbs6yfnDm0E6J-bEVtw6qP1Ed3ZyBMOhI','2025-09-23 20:36:48.556241'),('ocael85ie0vi6lly3hqoadahj6met0oq','.eJxVjEEOwiAQRe_C2hCgEwZcuvcMZIBBqgaS0q6Md9cmXej2v_f-SwTa1hq2wUuYszgLLU6_W6T04LaDfKd26zL1ti5zlLsiDzrktWd-Xg7376DSqN8aPXnDbMlw5IKgqER04CmDs6YoRIqgYAJljVbaQnYINunJGSSyJN4f43I3Pw:1vOhrr:EmrEwaWFFJ28sQVk61P0ZSKIIS3cR7ElNgYY8TxB5v8','2025-11-27 20:11:27.347499'),('otgonxssidbyp11sscm4ed7we2fbdyfg','.eJxVjEEOgjAQRe_StWk6Qwsdl-49QzPMtIIaSCisjHdXEha6_e-9_zKJt3VIW81LGtWcDThz-h17lkeedqJ3nm6zlXlal7G3u2IPWu111vy8HO7fwcB1-NYMnfhQnOTSFmRykDU2xF3wHRZRbAMW9KEVRGqUSCMIRgIPFF1A8_4AA_43Iw:1v8lw4:PvTFtDVQQzfbaVkUhMf0xZSP2hTg_lvNDoXHVnT5T0w','2025-10-14 21:17:56.648194'),('oz2r45i2baxgm4iwsiy0demyyriba823','.eJxVjDsOwyAQBe9CHSE-BnZTpvcZELAQnERYMnYV5e6xJRdJOzPvvZkP21r91vPiJ2JXJtnll8WQnrkdgh6h3Wee5rYuU-RHwk_b-ThTft3O9u-ghl73tUpuMCpKyEUpoymJkNE5TGEgwGJlFqVosCKS1dbRDgVZTBrBACCyzxfePTd1:1uuNc0:B95uYc1Zz4f7-0DImWIyprt4fQFJ77aAQYjG5C7YxLk','2025-09-19 03:59:44.593789'),('p0mk92qh9s4yixevgbtp3epngfkrpu7k','.eJxVjEEOwiAQRe_C2hAY6rS4dN8zNMwMSNVAUtqV8e7apAvd_vfef6kpbGuethaXaRZ1UVadfjcK_IhlB3IP5VY117IuM-ld0QdteqwSn9fD_TvIoeVv3XkfkZK4fkgCYjtMZJFjZxEGx0iAPVA0DhMYBjBI515YhD1b61i9P-WWN_s:1uyBpY:WfLdjRm-xqlSraNZQarJz7nUdnVA9pdQykmMgP3CAEg','2025-09-29 16:13:28.444800'),('pcn1wfxwumiyh1dlzx75ytcbldaujnel','.eJxVjDsOwjAQBe_iGlkx_q0p6XMGa9de4wBypDipEHeHSCmgfTPzXiLitta4dV7ilMVFKHH63QjTg9sO8h3bbZZpbusykdwVedAuxznz83q4fwcVe_3WCYofDBvrbNGZg9aZELAgQQBQZ8WZ3MBeAXnyrrgQjNfOKiJiZYN4fwDvUzfx:1uw5iV:DL-y5-9FWgIR9U-oa1gzmHcpUtM2uofzNGsMHhxrd6U','2025-09-23 21:17:31.377376'),('ph56ezy1dxh89ezs9p8y3qwnaqcfgrwo','.eJxVjEEOwiAQRe_C2hCgEwZcuvcMZIBBqgaS0q6Md9cmXej2v_f-SwTa1hq2wUuYszgLLU6_W6T04LaDfKd26zL1ti5zlLsiDzrktWd-Xg7376DSqN8aPXnDbMlw5IKgqER04CmDs6YoRIqgYAJljVbaQnYINunJGSSyJN4f43I3Pw:1v5rBR:9t0p-JhzZE9wamDvPxmcDQjrHWmUAJYit0fhPyAaKGQ','2025-10-06 20:17:45.631099'),('prletxzwdhu9d5rx9lp3bhzjn9qxb1yz','.eJxVjEEOwiAURO_C2hCg8KEu3fcM5MMHqRqalHZlvLs06UJn-ebNvJnHfSt-b2n1M7Erk-zyywLGZ6pHQQ-s94XHpW7rHPih8LNtfFoovW6n-3dQsJW-RsxK5KhVTzSgAxkJdowdOaudEWgBBAEMSEaTM4OUchRJZ0VWgWCfL9C5Ntk:1uyEqj:DGKZ3d0JyMQcjatLKsJRbJ1YsCjC5-87sDqphXQh1ok','2025-09-29 19:26:53.288557'),('qijolgvydwjsvvhajd6bx040skosvvmv','.eJxVjEEOwiAQRe_C2hAY6rS4dN8zNMwMSNVAUtqV8e7apAvd_vfef6kpbGuethaXaRZ1UVadfjcK_IhlB3IP5VY117IuM-ld0QdteqwSn9fD_TvIoeVv3XkfkZK4fkgCYjtMZJFjZxEGx0iAPVA0DhMYBjBI515YhD1b61i9P-WWN_s:1uyBOP:4or-F026QReWlk0t0FzO2LunKnyi9Ffv-txqjfbksmk','2025-09-29 15:45:25.132578'),('qle1gud1772vd0jxt15nvkdw2r3om8bb','.eJxVjEEOwiAQRe_C2hCgEwZcuvcMZIBBqgaS0q6Md9cmXej2v_f-SwTa1hq2wUuYszgLLU6_W6T04LaDfKd26zL1ti5zlLsiDzrktWd-Xg7376DSqN8aPXnDbMlw5IKgqER04CmDs6YoRIqgYAJljVbaQnYINunJGSSyJN4f43I3Pw:1v6efb:abxOmGviNNXGHKAlpnpQ-ZywA6KrghYQ_rArkw9nDBQ','2025-10-09 01:08:11.152962'),('qm3ykfnaa5p17ksszipf6b7irbuixakx','.eJxVjEEOwiAQRe_C2hCgEwZcuvcMZIBBqgaS0q6Md9cmXej2v_f-SwTa1hq2wUuYszgLLU6_W6T04LaDfKd26zL1ti5zlLsiDzrktWd-Xg7376DSqN8aPXnDbMlw5IKgqER04CmDs6YoRIqgYAJljVbaQnYINunJGSSyJN4f43I3Pw:1v6csR:uop0IKI24f7JEdkckxqoQRAWUmVl6J_c_08InPoMnuI','2025-10-08 23:13:19.167927'),('qnwjfxycuvkf08nwgvjc65bqpdoke082','.eJxVjEEOwiAURO_C2hCg8KEu3fcM5MMHqRqalHZlvLs06UJn-ebNvJnHfSt-b2n1M7Erk-zyywLGZ6pHQQ-s94XHpW7rHPih8LNtfFoovW6n-3dQsJW-RsxK5KhVTzSgAxkJdowdOaudEWgBBAEMSEaTM4OUchRJZ0VWgWCfL9C5Ntk:1v18kw:NVv9CmOcavReEnDP8yV7T8Cic6D9U0eiNz5-KXvCw3A','2025-10-07 19:32:54.427285'),('qptdz0z7g0psnsrjrskn050ibzg37ite','.eJxVjDsOwyAQBe9CHSE-BnZTpvcZELAQnERYMnYV5e6xJRdJOzPvvZkP21r91vPiJ2JXJtnll8WQnrkdgh6h3Wee5rYuU-RHwk_b-ThTft3O9u-ghl73tUpuMCpKyEUpoymJkNE5TGEgwGJlFqVosCKS1dbRDgVZTBrBACCyzxfePTd1:1uuN6o:g-rC2YKKo0cd1qIxVsv4-VjUnoJ7K-phR8pSD6294Hc','2025-09-19 03:27:30.767257'),('qqsgoum2k5adjbu4fn7gikkjjzhtnyvq','.eJxVjDsOwjAQBe_iGlkx_q0p6XMGa9de4wBypDipEHeHSCmgfTPzXiLitta4dV7ilMVFKHH63QjTg9sO8h3bbZZpbusykdwVedAuxznz83q4fwcVe_3WCYofDBvrbNGZg9aZELAgQQBQZ8WZ3MBeAXnyrrgQjNfOKiJiZYN4fwDvUzfx:1uw5bC:GAv1qsfnHFN8gVJsZ0ux7qO6DZbTLkjWRdRdOvQj7qQ','2025-09-23 21:09:58.326758'),('qsn5e9kz70f7udf45zhtrmrg3p0ip0b9','.eJxVjEEOwiAURO_C2hCg8KEu3fcM5MMHqRqalHZlvLs06UJn-ebNvJnHfSt-b2n1M7Erk-zyywLGZ6pHQQ-s94XHpW7rHPih8LNtfFoovW6n-3dQsJW-RsxK5KhVTzSgAxkJdowdOaudEWgBBAEMSEaTM4OUchRJZ0VWgWCfL9C5Ntk:1v19BJ:lsRebO5m7Z1qxXw2EGXayCas0O7GxjLzQ1vzTQQH6CI','2025-10-07 20:00:09.786831'),('qv71ghjsc4wb8d9xdqlhjplv9d7tqt2q','.eJxVjEEOwiAQRe_C2hAY6rS4dN8zNMwMSNVAUtqV8e7apAvd_vfef6kpbGuethaXaRZ1UVadfjcK_IhlB3IP5VY117IuM-ld0QdteqwSn9fD_TvIoeVv3XkfkZK4fkgCYjtMZJFjZxEGx0iAPVA0DhMYBjBI515YhD1b61i9P-WWN_s:1uwUWu:LezIMb5NlmL7JOW67lErLDclXz_Q6CsvJd2o4sJZblw','2025-09-24 23:47:12.247704'),('r2gl3mmg99qrmnl04r3oz37eoq2dqr9r','.eJxVjDsOwyAQBe9CHSE-BnZTpvcZELAQnERYMnYV5e6xJRdJOzPvvZkP21r91vPiJ2JXJtnll8WQnrkdgh6h3Wee5rYuU-RHwk_b-ThTft3O9u-ghl73tUpuMCpKyEUpoymJkNE5TGEgwGJlFqVosCKS1dbRDgVZTBrBACCyzxfePTd1:1uuMdL:Pp5iBMnHW-rzipxYxcpB5YuU-1Ca2MwOyx8n3zUhoLI','2025-09-19 02:57:03.703250'),('r3xa82qx7vpmx3c4dniqng5t0tfk0q5c','.eJxVjEEOwiAQRe_C2hCgEwZcuvcMZIBBqgaS0q6Md9cmXej2v_f-SwTa1hq2wUuYszgLLU6_W6T04LaDfKd26zL1ti5zlLsiDzrktWd-Xg7376DSqN8aPXnDbMlw5IKgqER04CmDs6YoRIqgYAJljVbaQnYINunJGSSyJN4f43I3Pw:1vO0jI:G-6xMRkUPhjnWmcyz17DMoNcsr-hH3VfV6UwmQyfnzU','2025-11-25 22:07:44.022449'),('r50zbp0lq6q5798qg28405gmazqivmud','.eJxVjEEOwiAURO_C2hCg8KEu3fcM5MMHqRqalHZlvLs06UJn-ebNvJnHfSt-b2n1M7Erk-zyywLGZ6pHQQ-s94XHpW7rHPih8LNtfFoovW6n-3dQsJW-RsxK5KhVTzSgAxkJdowdOaudEWgBBAEMSEaTM4OUchRJZ0VWgWCfL9C5Ntk:1v5nZa:cE4jzE_kThKuYj0rPBi66BsvvxViBs4Y-f7ldYwA6dw','2025-10-06 16:26:26.867912'),('rcqw85mhcp0p6j994m9gbxeruauqd06v','.eJxVjDsOwyAQBe9CHSE-BnZTpvcZELAQnERYMnYV5e6xJRdJOzPvvZkP21r91vPiJ2JXJtnll8WQnrkdgh6h3Wee5rYuU-RHwk_b-ThTft3O9u-ghl73tUpuMCpKyEUpoymJkNE5TGEgwGJlFqVosCKS1dbRDgVZTBrBACCyzxfePTd1:1uuKhj:BB6CJDxSlTFb-N_C2Nvs7HY0Ha-lEzSH-3VJLNkMh6I','2025-09-19 00:53:27.220911'),('rkl4y4rpcyhb056todw6wev8hy56j5d7','.eJxVjEEOgjAQRe_StWk6Qwsdl-49QzPMtIIaSCisjHdXEha6_e-9_zKJt3VIW81LGtWcDThz-h17lkeedqJ3nm6zlXlal7G3u2IPWu111vy8HO7fwcB1-NYMnfhQnOTSFmRykDU2xF3wHRZRbAMW9KEVRGqUSCMIRgIPFF1A8_4AA_43Iw:1uybl7:rUBZ3WkF0riRK6AncfcKC-GSss75wpxXTbVV7L_sDz4','2025-09-30 19:54:37.556218'),('rqibfp1mqodscvfd9tv0ntexhalg11dr','.eJxVjEEOwiAQRe_C2hCgEwZcuvcMZIBBqgaS0q6Md9cmXej2v_f-SwTa1hq2wUuYszgLLU6_W6T04LaDfKd26zL1ti5zlLsiDzrktWd-Xg7376DSqN8aPXnDbMlw5IKgqER04CmDs6YoRIqgYAJljVbaQnYINunJGSSyJN4f43I3Pw:1vO0OT:iFF4DNkwclMIe2G6Dj9auiAAz48-P4v2x9Lh52ohGSY','2025-11-25 21:46:13.345548'),('rtan9pjku5qb82th99bpwtbijl3jlyst','.eJxVjEEOwiAQRe_C2hCgEwZcuvcMZIBBqgaS0q6Md9cmXej2v_f-SwTa1hq2wUuYszgLLU6_W6T04LaDfKd26zL1ti5zlLsiDzrktWd-Xg7376DSqN8aPXnDbMlw5IKgqER04CmDs6YoRIqgYAJljVbaQnYINunJGSSyJN4f43I3Pw:1v6c0D:hTNoHhULwrvUZ6TX4r7Znk55RZqnh6T3n6Ii3zXz4Y8','2025-10-08 22:17:17.024382'),('rthota5zu6viux6bgfnqc2zfe6mde9e3','.eJxVjEEOwiAURO_C2hCg8KEu3fcM5MMHqRqalHZlvLs06UJn-ebNvJnHfSt-b2n1M7Erk-zyywLGZ6pHQQ-s94XHpW7rHPih8LNtfFoovW6n-3dQsJW-RsxK5KhVTzSgAxkJdowdOaudEWgBBAEMSEaTM4OUchRJZ0VWgWCfL9C5Ntk:1v15Sd:50JQdZGLICbggGUTT_rjVW-rGRsR_eUC_YQqlBYAhw8','2025-10-07 16:01:47.394167'),('ruwh7gdf1n1vbfaa6m2i7v5bus3zpkfz','.eJxVjDsOwyAQBe9CHSE-BnZTpvcZELAQnERYMnYV5e6xJRdJOzPvvZkP21r91vPiJ2JXJtnll8WQnrkdgh6h3Wee5rYuU-RHwk_b-ThTft3O9u-ghl73tUpuMCpKyEUpoymJkNE5TGEgwGJlFqVosCKS1dbRDgVZTBrBACCyzxfePTd1:1uuNqt:cz1aA3v1y5Sr4ZIQHV4FG5eSfKYG4YFaQgw4O3HxFhk','2025-09-19 04:15:07.505035'),('rw1v4nxehzztywycw1ns05o2dt0jlu8k','.eJxVjEEOwiAQRe_C2hAY6rS4dN8zNMwMSNVAUtqV8e7apAvd_vfef6kpbGuethaXaRZ1UVadfjcK_IhlB3IP5VY117IuM-ld0QdteqwSn9fD_TvIoeVv3XkfkZK4fkgCYjtMZJFjZxEGx0iAPVA0DhMYBjBI515YhD1b61i9P-WWN_s:1uyBba:IHsIHIzhQn8KEKYjaleOEg_NBpAkH8RbW6jU9S_TI7Y','2025-09-29 15:59:02.076558'),('ryeu1iq4ekx8rlel0nrx7o9cd7heus6g','.eJxVjEEOwiAURO_C2hCg8KEu3fcM5MMHqRqalHZlvLs06UJn-ebNvJnHfSt-b2n1M7Erk-zyywLGZ6pHQQ-s94XHpW7rHPih8LNtfFoovW6n-3dQsJW-RsxK5KhVTzSgAxkJdowdOaudEWgBBAEMSEaTM4OUchRJZ0VWgWCfL9C5Ntk:1v190U:skXbAZrQyi4keE3Sn062pfrDD3H3h4HsXTRdDZ_bLgI','2025-10-07 19:48:58.863511'),('s2zwwicwqkjeuwnal8eskt67ptudl923','.eJxVjEEOwiAURO_C2hCg8KEu3fcM5MMHqRqalHZlvLs06UJn-ebNvJnHfSt-b2n1M7Erk-zyywLGZ6pHQQ-s94XHpW7rHPih8LNtfFoovW6n-3dQsJW-RsxK5KhVTzSgAxkJdowdOaudEWgBBAEMSEaTM4OUchRJZ0VWgWCfL9C5Ntk:1v1YOF:U39P-JTRRBmFwPVtp84QyHqKqpS2tfHCGoTaYBHeKRs','2025-10-08 22:55:11.062510'),('s3hlgzkbu6ifc6ykxhw3hs8gaghqj8yo','.eJxVjEEOwiAURO_C2hCg8KEu3fcM5MMHqRqalHZlvLs06UJn-ebNvJnHfSt-b2n1M7Erk-zyywLGZ6pHQQ-s94XHpW7rHPih8LNtfFoovW6n-3dQsJW-RsxK5KhVTzSgAxkJdowdOaudEWgBBAEMSEaTM4OUchRJZ0VWgWCfL9C5Ntk:1uybVy:7IOtLb7knkczA6r2z3b92toeJR3kvRRA_VSbTSSIF6k','2025-09-30 19:38:58.688759'),('senids7vr2rdci2gzw8n323qzsh04ymz','.eJxVjDsOwjAQBe_iGlkx_q0p6XMGa9de4wBypDipEHeHSCmgfTPzXiLitta4dV7ilMVFKHH63QjTg9sO8h3bbZZpbusykdwVedAuxznz83q4fwcVe_3WCYofDBvrbNGZg9aZELAgQQBQZ8WZ3MBeAXnyrrgQjNfOKiJiZYN4fwDvUzfx:1uw79h:2hJ6SUcQuzA07oxzrhuZtAn5iUuzjGYvEF8tP3Qo4K8','2025-09-23 22:49:41.836924'),('si1ot4inzvlwveijafneorkgqgxzw74n','.eJxVjEEOwiAURO_C2hCg8KEu3fcM5MMHqRqalHZlvLs06UJn-ebNvJnHfSt-b2n1M7Erk-zyywLGZ6pHQQ-s94XHpW7rHPih8LNtfFoovW6n-3dQsJW-RsxK5KhVTzSgAxkJdowdOaudEWgBBAEMSEaTM4OUchRJZ0VWgWCfL9C5Ntk:1v2G64:RAB-DieFqZZvXFOP_SEJHZoEt6OqMJHhuZQaURHG6xk','2025-10-10 21:35:20.435670'),('sjz1uke1djego5l78frzxaehkgi7mlas','.eJxVjEEOwiAQRe_C2hCgEwZcuvcMZIBBqgaS0q6Md9cmXej2v_f-SwTa1hq2wUuYszgLLU6_W6T04LaDfKd26zL1ti5zlLsiDzrktWd-Xg7376DSqN8aPXnDbMlw5IKgqER04CmDs6YoRIqgYAJljVbaQnYINunJGSSyJN4f43I3Pw:1v6cN0:sXbN7_HbwjvKENEz5dLrGghBepcSsJ4-a4-yFv7FSfg','2025-10-08 22:40:50.406945'),('smlxvs2fscoip366pgl7avwlfypsws1a','.eJxVjEEOwiAQRe_C2hAY6rS4dN8zNMwMSNVAUtqV8e7apAvd_vfef6kpbGuethaXaRZ1UVadfjcK_IhlB3IP5VY117IuM-ld0QdteqwSn9fD_TvIoeVv3XkfkZK4fkgCYjtMZJFjZxEGx0iAPVA0DhMYBjBI515YhD1b61i9P-WWN_s:1uyCiY:b7Pxia-6RnPuRTfXC-nQTlXK7gjX3OMqdajX4OP13wY','2025-09-29 17:10:18.338615'),('splgocbvlexaful5lidtibczoi0x5z08','.eJxVjEEOwiAQRe_C2hCgEwZcuvcMZIBBqgaS0q6Md9cmXej2v_f-SwTa1hq2wUuYszgLLU6_W6T04LaDfKd26zL1ti5zlLsiDzrktWd-Xg7376DSqN8aPXnDbMlw5IKgqER04CmDs6YoRIqgYAJljVbaQnYINunJGSSyJN4f43I3Pw:1vOp67:qw-NOoaIcRAOMsDKDLHFE5c8Pv81PX-epFp8J-YoBco','2025-11-28 03:54:39.928338'),('sqjogr2p37eu4m04nwqh90xhofu5zkyu','.eJxVjEEOwiAQRe_C2hCgEwZcuvcMZIBBqgaS0q6Md9cmXej2v_f-SwTa1hq2wUuYszgLLU6_W6T04LaDfKd26zL1ti5zlLsiDzrktWd-Xg7376DSqN8aPXnDbMlw5IKgqER04CmDs6YoRIqgYAJljVbaQnYINunJGSSyJN4f43I3Pw:1vOox4:RK4nLwyRJbIsuthSf_MDkz8MM6N6wH9bZKhpbsKDHBI','2025-11-28 03:45:18.922320'),('su1c3sajs415zlfotchu9tvulm6zrugj','.eJxVjEEOwiAURO_C2hCg8KEu3fcM5MMHqRqalHZlvLs06UJn-ebNvJnHfSt-b2n1M7Erk-zyywLGZ6pHQQ-s94XHpW7rHPih8LNtfFoovW6n-3dQsJW-RsxK5KhVTzSgAxkJdowdOaudEWgBBAEMSEaTM4OUchRJZ0VWgWCfL9C5Ntk:1uyJUj:8kZOH8Vb0WmsbW4sZIz9aM5g7abxe4ZD08yTwwAm-9U','2025-09-30 00:24:29.102390'),('swhxg3rjut9i4t9s6cr2vekho4px59m5','.eJxVjEEOwiAQRe_C2hCgEwZcuvcMZIBBqgaS0q6Md9cmXej2v_f-SwTa1hq2wUuYszgLLU6_W6T04LaDfKd26zL1ti5zlLsiDzrktWd-Xg7376DSqN8aPXnDbMlw5IKgqER04CmDs6YoRIqgYAJljVbaQnYINunJGSSyJN4f43I3Pw:1v8npo:C4pFb1UCeBE90Bsf-54bRfxrWWhafHDHlcIexnhNhtc','2025-10-14 23:19:36.810206'),('sx4ydaolbe8rjxktqul7kmzxxsp1p5pd','.eJxVjEEOwiAURO_C2hCg8KEu3fcM5MMHqRqalHZlvLs06UJn-ebNvJnHfSt-b2n1M7Erk-zyywLGZ6pHQQ-s94XHpW7rHPih8LNtfFoovW6n-3dQsJW-RsxK5KhVTzSgAxkJdowdOaudEWgBBAEMSEaTM4OUchRJZ0VWgWCfL9C5Ntk:1v5o9D:JaDUXVa2EX7EfRvdnT0D1rRLrK3K5vl__yPPg5_599I','2025-10-06 17:03:15.057951'),('sz8egml798p33yt7hc8jhbmydh47z3ok','.eJxVjEEOwiAURO_C2hCg8KEu3fcM5MMHqRqalHZlvLs06UJn-ebNvJnHfSt-b2n1M7Erk-zyywLGZ6pHQQ-s94XHpW7rHPih8LNtfFoovW6n-3dQsJW-RsxK5KhVTzSgAxkJdowdOaudEWgBBAEMSEaTM4OUchRJZ0VWgWCfL9C5Ntk:1v1Aaq:9b5x3zCYVStrV4YJzOA8KxP-T21AaS72LxUiSjhXGg0','2025-10-07 21:30:36.290682'),('t0i77g8rd2r9ni9utnf4y2h2eqgubu5b','.eJxVjEEOwiAQRe_C2hCgEwZcuvcMZIBBqgaS0q6Md9cmXej2v_f-SwTa1hq2wUuYszgLLU6_W6T04LaDfKd26zL1ti5zlLsiDzrktWd-Xg7376DSqN8aPXnDbMlw5IKgqER04CmDs6YoRIqgYAJljVbaQnYINunJGSSyJN4f43I3Pw:1v8niF:NhJAdk3DeyswNAKlOOcQdrWh38zJn0n3q9uzk1zLEJ8','2025-10-14 23:11:47.862884'),('t3y3k7bckfq9zrw8tmwmyb4u9xk1w6xb','.eJxVjDsOwjAQBe_iGlkx_q0p6XMGa9de4wBypDipEHeHSCmgfTPzXiLitta4dV7ilMVFKHH63QjTg9sO8h3bbZZpbusykdwVedAuxznz83q4fwcVe_3WCYofDBvrbNGZg9aZELAgQQBQZ8WZ3MBeAXnyrrgQjNfOKiJiZYN4fwDvUzfx:1uvjhg:ii7-V47PU1SDlKhz43xy3m8-sPUkH8LfGimi0d0hTgU','2025-09-22 21:47:12.035355'),('t6dd0x4zf6vqoo9kfvekuv93kir7x2ag','.eJxVjEEOwiAURO_C2hCg8KEu3fcM5MMHqRqalHZlvLs06UJn-ebNvJnHfSt-b2n1M7Erk-zyywLGZ6pHQQ-s94XHpW7rHPih8LNtfFoovW6n-3dQsJW-RsxK5KhVTzSgAxkJdowdOaudEWgBBAEMSEaTM4OUchRJZ0VWgWCfL9C5Ntk:1v3yoH:KSD9u6PiCSeHfdj6SSpPgAtIRRfuBdVJ0bPl-wU-hcw','2025-10-15 15:32:05.700633'),('tkt0d7982e497tsj0pvf9c2hf5g1vgxj','.eJxVjEEOwiAURO_C2hCg8KEu3fcM5MMHqRqalHZlvLs06UJn-ebNvJnHfSt-b2n1M7Erk-zyywLGZ6pHQQ-s94XHpW7rHPih8LNtfFoovW6n-3dQsJW-RsxK5KhVTzSgAxkJdowdOaudEWgBBAEMSEaTM4OUchRJZ0VWgWCfL9C5Ntk:1uydK7:2WwJfbWn4nm6-ti6pA6FBnG_kHbfZWvU_srysFq6sRo','2025-09-30 21:34:51.134411'),('tqhebu6wbsnjny9r067v5qo2up8e9jr8','.eJxVjEEOwiAURO_C2hCg8KEu3fcM5MMHqRqalHZlvLs06UJn-ebNvJnHfSt-b2n1M7Erk-zyywLGZ6pHQQ-s94XHpW7rHPih8LNtfFoovW6n-3dQsJW-RsxK5KhVTzSgAxkJdowdOaudEWgBBAEMSEaTM4OUchRJZ0VWgWCfL9C5Ntk:1v1A13:X__SEuEssOyFBKZ8NEn6-AoqJNlP7GZrYeRT4ckMiKg','2025-10-07 20:53:37.664767'),('trlo4isgbcwqe5qattw94jhqftad9nsx','.eJxVjDsOwjAQBe_iGln-xR9K-pzB2l0vOIAcKU4qxN0hUgpo38y8l8iwrTVvnZc8FXEWWpx-NwR6cNtBuUO7zZLmti4Tyl2RB-1ynAs_L4f7d1Ch128dvA0Jh2CIEZKySBFJKfIpKjQKcMBirIoa0PriHKWrI6ddYGZPwOL9AeHcOE8:1uuOgE:R7_tbzMhYgLOebsq5XnuzjbtmgHyewhpAlzHkUTPIGo','2025-09-19 05:08:10.598841'),('tu6b6hkwewxavbpfhd11kfsq6sh9u3ck','.eJxVjEEOwiAURO_C2hCg8KEu3fcM5MMHqRqalHZlvLs06UJn-ebNvJnHfSt-b2n1M7Erk-zyywLGZ6pHQQ-s94XHpW7rHPih8LNtfFoovW6n-3dQsJW-RsxK5KhVTzSgAxkJdowdOaudEWgBBAEMSEaTM4OUchRJZ0VWgWCfL9C5Ntk:1v44bw:zltJWcJiDWUABn3u5hk3fU48hV9qZCXtMr30aZzDleQ','2025-10-15 21:43:44.943914'),('twtc5r1qngqok3gavcgg6jg9md2u9u2i','.eJxVjEEOwiAURO_C2hCg8KEu3fcM5MMHqRqalHZlvLs06UJn-ebNvJnHfSt-b2n1M7Erk-zyywLGZ6pHQQ-s94XHpW7rHPih8LNtfFoovW6n-3dQsJW-RsxK5KhVTzSgAxkJdowdOaudEWgBBAEMSEaTM4OUchRJZ0VWgWCfL9C5Ntk:1uyFYr:gxqSV-1cfTDzj0qQgLXEojU2gPs3uQm3XwYhpRSfUBA','2025-09-29 20:12:29.871348'),('tx8k27vlzydjf7frwj051fx1ah0lkrnp','.eJxVjEEOwiAQRe_C2hCgEwZcuvcMZIBBqgaS0q6Md9cmXej2v_f-SwTa1hq2wUuYszgLLU6_W6T04LaDfKd26zL1ti5zlLsiDzrktWd-Xg7376DSqN8aPXnDbMlw5IKgqER04CmDs6YoRIqgYAJljVbaQnYINunJGSSyJN4f43I3Pw:1v6clU:W9L3LseVDtZAybYo_qriGgbM-3MSXtTNKgbpAPdK0ek','2025-10-08 23:06:08.945023'),('uisrkymbxooympu4l9725753zx5w8dcq','.eJxVjEEOgjAQRe_StWk6Qwsdl-49QzPMtIIaSCisjHdXEha6_e-9_zKJt3VIW81LGtWcDThz-h17lkeedqJ3nm6zlXlal7G3u2IPWu111vy8HO7fwcB1-NYMnfhQnOTSFmRykDU2xF3wHRZRbAMW9KEVRGqUSCMIRgIPFF1A8_4AA_43Iw:1v1YMd:rl41OMQheckBwGFuYNwaySNiam_pelYSGSo8lCf3K9Y','2025-10-08 22:53:31.824750'),('umzd7ddmck35zor78tscvqr2b62z1xf7','.eJxVjEEOwiAURO_C2hCg8KEu3fcM5MMHqRqalHZlvLs06UJn-ebNvJnHfSt-b2n1M7Erk-zyywLGZ6pHQQ-s94XHpW7rHPih8LNtfFoovW6n-3dQsJW-RsxK5KhVTzSgAxkJdowdOaudEWgBBAEMSEaTM4OUchRJZ0VWgWCfL9C5Ntk:1v5mer:-az8MDrhlqaTzOxYKCgq9tj5vHiZ5YNnqneyX8MOtpE','2025-10-20 14:57:49.384659'),('uodd5ym04q4jbk4xjt65dod2nendo4vo','.eJxVjEEOwiAURO_C2hCg8KEu3fcM5MMHqRqalHZlvLs06UJn-ebNvJnHfSt-b2n1M7Erk-zyywLGZ6pHQQ-s94XHpW7rHPih8LNtfFoovW6n-3dQsJW-RsxK5KhVTzSgAxkJdowdOaudEWgBBAEMSEaTM4OUchRJZ0VWgWCfL9C5Ntk:1v1BjQ:A6jPuC0xOK6zTV67rs2fbgbZJnajk3wRWPOwISdWngo','2025-10-07 22:43:32.253889'),('uy0ufbf4mmd58wdcpf2dm2o6sgq301fk','.eJxVjDsOwyAQBe9CHSE-BnZTpvcZELAQnERYMnYV5e6xJRdJOzPvvZkP21r91vPiJ2JXJtnll8WQnrkdgh6h3Wee5rYuU-RHwk_b-ThTft3O9u-ghl73tUpuMCpKyEUpoymJkNE5TGEgwGJlFqVosCKS1dbRDgVZTBrBACCyzxfePTd1:1utYTQ:WGFQEBjhsWKm2uC5Seb4Mo7eclvrSG8OD66_2iqMRpY','2025-09-16 21:23:28.513550'),('uyi82ju65m9xke2y9stahzjzders7nfl','.eJxVjEEOwiAQRe_C2hAY6rS4dN8zNMwMSNVAUtqV8e7apAvd_vfef6kpbGuethaXaRZ1UVadfjcK_IhlB3IP5VY117IuM-ld0QdteqwSn9fD_TvIoeVv3XkfkZK4fkgCYjtMZJFjZxEGx0iAPVA0DhMYBjBI515YhD1b61i9P-WWN_s:1uwVNy:WOT1lPh71cPvAzcMxSh183crFo6nIjJOH0xXjKhGVEQ','2025-09-25 00:42:02.189715'),('v26wxdysf4p5ef3hknn1eyw4d2h339o4','.eJxVjEEOwiAQRe_C2hAY6rS4dN8zNMwMSNVAUtqV8e7apAvd_vfef6kpbGuethaXaRZ1UVadfjcK_IhlB3IP5VY117IuM-ld0QdteqwSn9fD_TvIoeVv3XkfkZK4fkgCYjtMZJFjZxEGx0iAPVA0DhMYBjBI515YhD1b61i9P-WWN_s:1uyBqT:CcbvYGRGWR3T5sTdqgBjXSwCvekQNDR4-oTUQw-hGzg','2025-09-29 16:14:25.825429'),('v39dw4g8r843ablle69qem1kgpe3c6sm','.eJxVjDsOwjAQBe_iGlkx_q0p6XMGa9de4wBypDipEHeHSCmgfTPzXiLitta4dV7ilMVFKHH63QjTg9sO8h3bbZZpbusykdwVedAuxznz83q4fwcVe_3WCYofDBvrbNGZg9aZELAgQQBQZ8WZ3MBeAXnyrrgQjNfOKiJiZYN4fwDvUzfx:1uw7HW:5Lca2GNQGgowtKOc_npTFdNuuj2XNPe7wnkqm3ihDKY','2025-09-23 22:57:46.052602'),('v3fuub9wfqy8d3ji81ir4zafj3sr22of','.eJxVjEEOwiAURO_C2hCg8KEu3fcM5MMHqRqalHZlvLs06UJn-ebNvJnHfSt-b2n1M7Erk-zyywLGZ6pHQQ-s94XHpW7rHPih8LNtfFoovW6n-3dQsJW-RsxK5KhVTzSgAxkJdowdOaudEWgBBAEMSEaTM4OUchRJZ0VWgWCfL9C5Ntk:1v1CSf:38EMLH_RKDuHSTEpq_jYJYhcJc-h75y9qh25-FEdel8','2025-10-07 23:30:17.837726'),('v3j9xrsbfbuzn1qr7m09g03czxq6qiut','.eJxVjEEOwiAQRe_C2hAY6rS4dN8zNMwMSNVAUtqV8e7apAvd_vfef6kpbGuethaXaRZ1UVadfjcK_IhlB3IP5VY117IuM-ld0QdteqwSn9fD_TvIoeVv3XkfkZK4fkgCYjtMZJFjZxEGx0iAPVA0DhMYBjBI515YhD1b61i9P-WWN_s:1uwk6O:OVxcWGH84qnYiTZKu3wKOAiha9rfktpA1PP2Vjtuqo4','2025-09-25 16:24:52.293412'),('v85u5wimrtm1vvwtj6fkwjda9lhmuz51','.eJxVjDsOwjAQBe_iGlkx_q0p6XMGa9de4wBypDipEHeHSCmgfTPzXiLitta4dV7ilMVFKHH63QjTg9sO8h3bbZZpbusykdwVedAuxznz83q4fwcVe_3WCYofDBvrbNGZg9aZELAgQQBQZ8WZ3MBeAXnyrrgQjNfOKiJiZYN4fwDvUzfx:1uvjQY:97jrwzQNUHNY4pxl1vXIvxzQF8pqnqhK5HfY2CNEcmc','2025-09-22 21:29:30.553593'),('v8y75pq5dp29c9lxffowuom9cgeuao9k','.eJxVjEEOwiAQRe_C2hAY6rS4dN8zNMwMSNVAUtqV8e7apAvd_vfef6kpbGuethaXaRZ1UVadfjcK_IhlB3IP5VY117IuM-ld0QdteqwSn9fD_TvIoeVv3XkfkZK4fkgCYjtMZJFjZxEGx0iAPVA0DhMYBjBI515YhD1b61i9P-WWN_s:1uwRG7:j71ot-ei2ZK34-UDfqoyBNiw32rPIAu5_rIXXdAxlqc','2025-09-24 20:17:39.200209'),('vihnagf63zojmlrs984vw35ietgjttdu','.eJxVjDsOwyAQBe9CHSE-BnZTpvcZELAQnERYMnYV5e6xJRdJOzPvvZkP21r91vPiJ2JXJtnll8WQnrkdgh6h3Wee5rYuU-RHwk_b-ThTft3O9u-ghl73tUpuMCpKyEUpoymJkNE5TGEgwGJlFqVosCKS1dbRDgVZTBrBACCyzxfePTd1:1uuNoH:JllAZWSYM09lgYxSpC2KqE2AdI-1Av3x04L50nADRyk','2025-09-19 04:12:25.855827'),('vla1saztduc1nb696l9puq248gi713oo','.eJxVjEEOwiAQRe_C2hAY6rS4dN8zNMwMSNVAUtqV8e7apAvd_vfef6kpbGuethaXaRZ1UVadfjcK_IhlB3IP5VY117IuM-ld0QdteqwSn9fD_TvIoeVv3XkfkZK4fkgCYjtMZJFjZxEGx0iAPVA0DhMYBjBI515YhD1b61i9P-WWN_s:1uwV4k:UwtXPaj-bMpCPro4SF0NI1IPOFP4xTqp4i9NuRUq03U','2025-09-25 00:22:10.391915'),('vzvwsxsw72oawrgr21svovmt5j3xdmlb','.eJxVjEEOwiAQRe_C2hCgEwZcuvcMZIBBqgaS0q6Md9cmXej2v_f-SwTa1hq2wUuYszgLLU6_W6T04LaDfKd26zL1ti5zlLsiDzrktWd-Xg7376DSqN8aPXnDbMlw5IKgqER04CmDs6YoRIqgYAJljVbaQnYINunJGSSyJN4f43I3Pw:1v8QhV:fntfX7RCiKf5VKHZHpJHgpfY9tAxJiatZrftp4Pr8bw','2025-10-13 22:37:29.625741'),('w5mdqd8kvwvw5hl90i88w5m8lzzff8ca','.eJxVjEEOwiAQRe_C2hAY6rS4dN8zNMwMSNVAUtqV8e7apAvd_vfef6kpbGuethaXaRZ1UVadfjcK_IhlB3IP5VY117IuM-ld0QdteqwSn9fD_TvIoeVv3XkfkZK4fkgCYjtMZJFjZxEGx0iAPVA0DhMYBjBI515YhD1b61i9P-WWN_s:1uwVwR:pFVdQzcSgTcp7kmvxkdLdvNJqNgeooIMvzOjFUOT8Ig','2025-09-25 01:17:39.615766'),('whidk96nscyadu3505tgdiobx1pkuwbc','.eJxVjEEOwiAURO_C2hCg8KEu3fcM5MMHqRqalHZlvLs06UJn-ebNvJnHfSt-b2n1M7Erk-zyywLGZ6pHQQ-s94XHpW7rHPih8LNtfFoovW6n-3dQsJW-RsxK5KhVTzSgAxkJdowdOaudEWgBBAEMSEaTM4OUchRJZ0VWgWCfL9C5Ntk:1v5o7a:DqBoUm39WYFgXvcsLiX9UgRU0B7WHoSJwXXaRMgBOEE','2025-10-06 17:01:34.584072'),('wiekg6cnenxwqj866ydh37qtvl75leg8','.eJxVjEEOwiAQRe_C2hCgEwZcuvcMZIBBqgaS0q6Md9cmXej2v_f-SwTa1hq2wUuYszgLLU6_W6T04LaDfKd26zL1ti5zlLsiDzrktWd-Xg7376DSqN8aPXnDbMlw5IKgqER04CmDs6YoRIqgYAJljVbaQnYINunJGSSyJN4f43I3Pw:1v6c48:jpgtDW3YTEOu5ySQDev1G8S4ypJbQjlBahSa736rYEU','2025-10-08 22:21:20.551892'),('wlwtap0uminmhch9t9yfkggbjn15lcob','.eJxVjEEOwiAURO_C2hCg8KEu3fcM5MMHqRqalHZlvLs06UJn-ebNvJnHfSt-b2n1M7Erk-zyywLGZ6pHQQ-s94XHpW7rHPih8LNtfFoovW6n-3dQsJW-RsxK5KhVTzSgAxkJdowdOaudEWgBBAEMSEaTM4OUchRJZ0VWgWCfL9C5Ntk:1v5miU:unFtmKbs9A0s9_keXKuhOrRuDGMacWzSMus9uKOI97I','2025-10-20 15:01:34.638049'),('wn52aixkigizzaf6kcpik09x8nfmixl8','.eJxVjEEOwiAURO_C2hCg8KEu3fcM5MMHqRqalHZlvLs06UJn-ebNvJnHfSt-b2n1M7Erk-zyywLGZ6pHQQ-s94XHpW7rHPih8LNtfFoovW6n-3dQsJW-RsxK5KhVTzSgAxkJdowdOaudEWgBBAEMSEaTM4OUchRJZ0VWgWCfL9C5Ntk:1v5ooi:tZTbfZQ6UJnPNTj1lQh3rWSQ333flViV8oyzWS0QiKk','2025-10-06 17:46:08.406523'),('wv41yxb4mku027trxhulmw3rvrsebb94','.eJxVjEEOwiAURO_C2hCg8KEu3fcM5MMHqRqalHZlvLs06UJn-ebNvJnHfSt-b2n1M7Erk-zyywLGZ6pHQQ-s94XHpW7rHPih8LNtfFoovW6n-3dQsJW-RsxK5KhVTzSgAxkJdowdOaudEWgBBAEMSEaTM4OUchRJZ0VWgWCfL9C5Ntk:1v1XCh:lk7GqJ0hu1H_glvynbyTfyYVxhKEIOT2Dkd-J5IHe8Q','2025-10-08 21:39:11.222808'),('x4w6ouj8al5smumunhropmquujefe7y1','.eJxVjEEOwiAQRe_C2hCgEwZcuvcMZIBBqgaS0q6Md9cmXej2v_f-SwTa1hq2wUuYszgLLU6_W6T04LaDfKd26zL1ti5zlLsiDzrktWd-Xg7376DSqN8aPXnDbMlw5IKgqER04CmDs6YoRIqgYAJljVbaQnYINunJGSSyJN4f43I3Pw:1v8mq4:u1CCqNLbYaGH84764BstqBMZYu1ro3sF2Nk0Ce9RUzg','2025-10-14 22:15:48.283371'),('x59zk0s3qsaylttgwqd73euk7wmtpguz','.eJxVjEEOwiAURO_C2hCg8KEu3fcM5MMHqRqalHZlvLs06UJn-ebNvJnHfSt-b2n1M7Erk-zyywLGZ6pHQQ-s94XHpW7rHPih8LNtfFoovW6n-3dQsJW-RsxK5KhVTzSgAxkJdowdOaudEWgBBAEMSEaTM4OUchRJZ0VWgWCfL9C5Ntk:1v19om:VjJ7I7RQLoA1aWYb-cGz2mL4g0pjv4sqDCS_hH1cV-E','2025-10-07 20:40:56.639064'),('x8xlpfa74kdnpmw3mtohvhvmufbegni5','.eJxVjEEOwiAURO_C2hCg8KEu3fcM5MMHqRqalHZlvLs06UJn-ebNvJnHfSt-b2n1M7Erk-zyywLGZ6pHQQ-s94XHpW7rHPih8LNtfFoovW6n-3dQsJW-RsxK5KhVTzSgAxkJdowdOaudEWgBBAEMSEaTM4OUchRJZ0VWgWCfL9C5Ntk:1uydBa:J2OFYVIclrw45n3xUrtLNjmGmhDbsIzjmWgHHG6MKHE','2025-09-30 21:26:02.797434'),('xnhj7zn8z862fe64hpl3n6zcfmtvucge','.eJxVjEEOwiAQRe_C2hAY6rS4dN8zNMwMSNVAUtqV8e7apAvd_vfef6kpbGuethaXaRZ1UVadfjcK_IhlB3IP5VY117IuM-ld0QdteqwSn9fD_TvIoeVv3XkfkZK4fkgCYjtMZJFjZxEGx0iAPVA0DhMYBjBI515YhD1b61i9P-WWN_s:1uwUhT:CcElvkS8oz8QsikWmVWWBrRoio9Ia6YKwS5BomAQCns','2025-09-24 23:58:07.303657'),('xnmb9pi17tyfmf46xa7wjkefjuphdvr6','.eJxVjEEOwiAURO_C2hCg8KEu3fcM5MMHqRqalHZlvLs06UJn-ebNvJnHfSt-b2n1M7Erk-zyywLGZ6pHQQ-s94XHpW7rHPih8LNtfFoovW6n-3dQsJW-RsxK5KhVTzSgAxkJdowdOaudEWgBBAEMSEaTM4OUchRJZ0VWgWCfL9C5Ntk:1v19fj:LxXEb20vboRe1DdHc0g6DUP6BupPDUivOENU3ZvNnUE','2025-10-07 20:31:35.790818'),('xrsc9kj9ya5q8g1e2f09082ti0wtszbr','.eJxVjEEOwiAQRe_C2hCgEwZcuvcMZIBBqgaS0q6Md9cmXej2v_f-SwTa1hq2wUuYszgLLU6_W6T04LaDfKd26zL1ti5zlLsiDzrktWd-Xg7376DSqN8aPXnDbMlw5IKgqER04CmDs6YoRIqgYAJljVbaQnYINunJGSSyJN4f43I3Pw:1vOjDQ:8Lwg9cROphxxxLSOjCs_CJcDfUWQ2lPv-OgejPBAG3M','2025-11-27 21:37:48.418080'),('xvix8tjxgdopryyafo915o7qhki3uit6','.eJxVjEEOwiAQRe_C2hCgEwZcuvcMZIBBqgaS0q6Md9cmXej2v_f-SwTa1hq2wUuYszgLLU6_W6T04LaDfKd26zL1ti5zlLsiDzrktWd-Xg7376DSqN8aPXnDbMlw5IKgqER04CmDs6YoRIqgYAJljVbaQnYINunJGSSyJN4f43I3Pw:1v8mus:0WEWTRKd6I5ryqZAPqpUGgJNU3Sf2732iJ6usPGwDI8','2025-10-14 22:20:46.446699'),('xyr24o69kc4bcq92cghmekxze0mz83tm','.eJxVjEEOwiAQRe_C2hCgEwZcuvcMZIBBqgaS0q6Md9cmXej2v_f-SwTa1hq2wUuYszgLLU6_W6T04LaDfKd26zL1ti5zlLsiDzrktWd-Xg7376DSqN8aPXnDbMlw5IKgqER04CmDs6YoRIqgYAJljVbaQnYINunJGSSyJN4f43I3Pw:1v8nk8:msDYykmEPko2oBTC0hazQMck8bvnjKmE7MrzgJ6h1LQ','2025-10-14 23:13:44.815767'),('y4cqujzbbyypcath5x8twsfjksktxlyc','.eJxVjEEOwiAQRe_C2hCgEwZcuvcMZIBBqgaS0q6Md9cmXej2v_f-SwTa1hq2wUuYszgLLU6_W6T04LaDfKd26zL1ti5zlLsiDzrktWd-Xg7376DSqN8aPXnDbMlw5IKgqER04CmDs6YoRIqgYAJljVbaQnYINunJGSSyJN4f43I3Pw:1v8n7U:2yU0GHfZbxBa4KIRgkUIWtpSA47DBq-bAt1xLBl9uys','2025-10-14 22:33:48.544202'),('y64wpnv996foytoelg9azmtxp4vmy4t9','.eJxVjEEOwiAQRe_C2hAY6rS4dN8zNMwMSNVAUtqV8e7apAvd_vfef6kpbGuethaXaRZ1UVadfjcK_IhlB3IP5VY117IuM-ld0QdteqwSn9fD_TvIoeVv3XkfkZK4fkgCYjtMZJFjZxEGx0iAPVA0DhMYBjBI515YhD1b61i9P-WWN_s:1uyCV7:QDr5CDYlt2WitBPNdijlpXmifgSJCz-9nAwOM4N7fV8','2025-09-29 16:56:25.547209'),('y7j3c0mi5a49pq7wvj60u47jxf7p4jyr','.eJxVjEEOwiAQRe_C2hCgEwZcuvcMZIBBqgaS0q6Md9cmXej2v_f-SwTa1hq2wUuYszgLLU6_W6T04LaDfKd26zL1ti5zlLsiDzrktWd-Xg7376DSqN8aPXnDbMlw5IKgqER04CmDs6YoRIqgYAJljVbaQnYINunJGSSyJN4f43I3Pw:1vOkl5:NCvd0IomXCdlCJumwlWJ_5lnYT_PkabHexlH3GNmePY','2025-11-27 23:16:39.861333'),('yb0rgcdmdzyqept3hbrfr9dpg42y7976','.eJxVjEEOwiAQRe_C2hAY6rS4dN8zNMwMSNVAUtqV8e7apAvd_vfef6kpbGuethaXaRZ1UVadfjcK_IhlB3IP5VY117IuM-ld0QdteqwSn9fD_TvIoeVv3XkfkZK4fkgCYjtMZJFjZxEGx0iAPVA0DhMYBjBI515YhD1b61i9P-WWN_s:1uyCK7:PEktkxbVJzOSQAe3yljODbCNc0z5E0hze-ZPq5by5Ts','2025-09-29 16:45:03.022936'),('yb7ebfh9dou0ob0mveet3qwdkz85wjq5','.eJxVjEEOwiAQRe_C2hCgEwZcuvcMZIBBqgaS0q6Md9cmXej2v_f-SwTa1hq2wUuYszgLLU6_W6T04LaDfKd26zL1ti5zlLsiDzrktWd-Xg7376DSqN8aPXnDbMlw5IKgqER04CmDs6YoRIqgYAJljVbaQnYINunJGSSyJN4f43I3Pw:1vOIve:g_FrFAAp5mhX6X4G4IFQC2xrCp28VgccwdZNPlq0_Gg','2025-11-26 17:33:42.869735'),('yeg7qw8i1hetuf26fb8z9yawmz9f4mat','.eJxVjEEOwiAQRe_C2hCgEwZcuvcMZIBBqgaS0q6Md9cmXej2v_f-SwTa1hq2wUuYszgLLU6_W6T04LaDfKd26zL1ti5zlLsiDzrktWd-Xg7376DSqN8aPXnDbMlw5IKgqER04CmDs6YoRIqgYAJljVbaQnYINunJGSSyJN4f43I3Pw:1v9uPl:c4YxLs5Ak9zrut9qDhq8KMkJOwXFjY3EC64f_uPkEUQ','2025-10-18 00:33:17.130711'),('yfoo5d1wr74q5ko4pijo9mv2q2stjsup','.eJxVjEEOwiAURO_C2hCg8KEu3fcM5MMHqRqalHZlvLs06UJn-ebNvJnHfSt-b2n1M7Erk-zyywLGZ6pHQQ-s94XHpW7rHPih8LNtfFoovW6n-3dQsJW-RsxK5KhVTzSgAxkJdowdOaudEWgBBAEMSEaTM4OUchRJZ0VWgWCfL9C5Ntk:1v14KF:OfQ0WNCRomNy0tB_PW3dYhT1jKAgLNteTc6kxJ_wyOs','2025-10-07 14:49:03.345310'),('ymzddbw20vosbe94r9t60x0fgyfzhve9','.eJxVjEEOwiAQRe_C2hCgEwZcuvcMZIBBqgaS0q6Md9cmXej2v_f-SwTa1hq2wUuYszgLLU6_W6T04LaDfKd26zL1ti5zlLsiDzrktWd-Xg7376DSqN8aPXnDbMlw5IKgqER04CmDs6YoRIqgYAJljVbaQnYINunJGSSyJN4f43I3Pw:1v8p0Y:c-cNYuTdXxJ-VQODkDAZMOALuCI0mFbD49xj01V5oLQ','2025-10-15 00:34:46.602260'),('yta5ryofxb7vq0ghp74nmpb0bs2ti8tw','.eJxVjEEOgjAQRe_StWk6Qwsdl-49QzPMtIIaSCisjHdXEha6_e-9_zKJt3VIW81LGtWcDThz-h17lkeedqJ3nm6zlXlal7G3u2IPWu111vy8HO7fwcB1-NYMnfhQnOTSFmRykDU2xF3wHRZRbAMW9KEVRGqUSCMIRgIPFF1A8_4AA_43Iw:1v8okn:mQBSv677_MgNIXrJsyu3BwgVl-XpVd4bir4M6Jus1Wg','2025-10-15 00:18:29.806239'),('yy8cikt85mbii6ipqjpgpi4t4ly09bmn','.eJxVjEEOwiAQRe_C2hCgEwZcuvcMZIBBqgaS0q6Md9cmXej2v_f-SwTa1hq2wUuYszgLLU6_W6T04LaDfKd26zL1ti5zlLsiDzrktWd-Xg7376DSqN8aPXnDbMlw5IKgqER04CmDs6YoRIqgYAJljVbaQnYINunJGSSyJN4f43I3Pw:1v8RkX:wPP_ZUl2UTjsfzuCM7-9TQtmMRcAy-aaNb8MeXZxTTg','2025-10-13 23:44:41.751666'),('z00k325moqo8qxxs62pebyorxxymcr7e','.eJxVjEEOwiAURO_C2hCg8KEu3fcM5MMHqRqalHZlvLs06UJn-ebNvJnHfSt-b2n1M7Erk-zyywLGZ6pHQQ-s94XHpW7rHPih8LNtfFoovW6n-3dQsJW-RsxK5KhVTzSgAxkJdowdOaudEWgBBAEMSEaTM4OUchRJZ0VWgWCfL9C5Ntk:1v1ZSJ:b27fGwxwGTKKwhnz0b_2FLSTivKYUXAODDVBklMQjaY','2025-10-09 00:03:27.576679'),('z9iz5xbemsk0y9hgtayg6oe7ozmdzjd5','.eJxVjDsOwjAQBe_iGlkx_q0p6XMGa9de4wBypDipEHeHSCmgfTPzXiLitta4dV7ilMVFKHH63QjTg9sO8h3bbZZpbusykdwVedAuxznz83q4fwcVe_3WCYofDBvrbNGZg9aZELAgQQBQZ8WZ3MBeAXnyrrgQjNfOKiJiZYN4fwDvUzfx:1uw5ef:ytIPUifsmfMqC0mn511mEyurV8Wjttw7LXFKS3ePJKU','2025-09-23 21:13:33.374736'),('zajo3tgcxcil5yarw18cofnwxijeniio','.eJxVjEEOwiAQRe_C2hCgEwZcuvcMZIBBqgaS0q6Md9cmXej2v_f-SwTa1hq2wUuYszgLLU6_W6T04LaDfKd26zL1ti5zlLsiDzrktWd-Xg7376DSqN8aPXnDbMlw5IKgqER04CmDs6YoRIqgYAJljVbaQnYINunJGSSyJN4f43I3Pw:1v8nmK:SAf4jVGi4XxF38e0mXpFV0VjMuffcWzrA4liJOZLLPA','2025-10-14 23:16:00.756569'),('zastycwhhgvhi2p5uav4gzhjetrc3p8h','.eJxVjEEOwiAQRe_C2hAY6rS4dN8zNMwMSNVAUtqV8e7apAvd_vfef6kpbGuethaXaRZ1UVadfjcK_IhlB3IP5VY117IuM-ld0QdteqwSn9fD_TvIoeVv3XkfkZK4fkgCYjtMZJFjZxEGx0iAPVA0DhMYBjBI515YhD1b61i9P-WWN_s:1uwWYW:TE2avdE6OUkuwIxcMLsnGxYChERx0oLqJqir7qJdqMA','2025-09-25 01:57:00.089693'),('zbjaucceaodu0mhz4wt3qz3md4bfr60f','.eJxVjEEOwiAURO_C2hCg8KEu3fcM5MMHqRqalHZlvLs06UJn-ebNvJnHfSt-b2n1M7Erk-zyywLGZ6pHQQ-s94XHpW7rHPih8LNtfFoovW6n-3dQsJW-RsxK5KhVTzSgAxkJdowdOaudEWgBBAEMSEaTM4OUchRJZ0VWgWCfL9C5Ntk:1v1AP9:Ei7NYk0ni4vMxCSi4sXBCjSCdymi4-POCg2YKGNRnZI','2025-10-07 21:18:31.017195'),('zdjrbug2tonkpxwxaa1y1b8llrxi8atk','.eJxVjEEOwiAQRe_C2hCgEwZcuvcMZIBBqgaS0q6Md9cmXej2v_f-SwTa1hq2wUuYszgLLU6_W6T04LaDfKd26zL1ti5zlLsiDzrktWd-Xg7376DSqN8aPXnDbMlw5IKgqER04CmDs6YoRIqgYAJljVbaQnYINunJGSSyJN4f43I3Pw:1v6teG:bfs2jmoPAfX_sIihFokZ1J77t7C9GbWGLFXSw0ShdcQ','2025-10-09 17:07:48.167745'),('zgg66xwp2w7q5tk9j0daodapvjdvz2v8','.eJxVjEEOwiAQRe_C2hAY6rS4dN8zNMwMSNVAUtqV8e7apAvd_vfef6kpbGuethaXaRZ1UVadfjcK_IhlB3IP5VY117IuM-ld0QdteqwSn9fD_TvIoeVv3XkfkZK4fkgCYjtMZJFjZxEGx0iAPVA0DhMYBjBI515YhD1b61i9P-WWN_s:1uwWLv:BXOCdhrG8Y8BNWG0yPYW4ovvoJX6T1SeuAeHWNKjeJU','2025-09-25 01:43:59.069175'),('zirv74hiyqzm3n97f66ykqwdijathjfa','.eJxVjEEOwiAURO_C2hCg8KEu3fcM5MMHqRqalHZlvLs06UJn-ebNvJnHfSt-b2n1M7Erk-zyywLGZ6pHQQ-s94XHpW7rHPih8LNtfFoovW6n-3dQsJW-RsxK5KhVTzSgAxkJdowdOaudEWgBBAEMSEaTM4OUchRJZ0VWgWCfL9C5Ntk:1v1BmL:sklZkZdp-7V4XqaIEaEhf4_mKKeEDhEpAxPGlw2_VpY','2025-10-07 22:46:33.977831'),('zlwian4z9sfco88nf0s0b5y2munr9klq','.eJxVjEEOwiAURO_C2hCg8KEu3fcM5MMHqRqalHZlvLs06UJn-ebNvJnHfSt-b2n1M7Erk-zyywLGZ6pHQQ-s94XHpW7rHPih8LNtfFoovW6n-3dQsJW-RsxK5KhVTzSgAxkJdowdOaudEWgBBAEMSEaTM4OUchRJZ0VWgWCfL9C5Ntk:1v1ZaG:dLkSUNcBD-V39AfJdPJdst13uwCUnnvYCTg5_YBurYg','2025-10-09 00:11:40.701126'),('zwi2gpazvphx9r0iu5ov415h6bf9vuqj','.eJxVjEEOwiAURO_C2hCg8KEu3fcM5MMHqRqalHZlvLs06UJn-ebNvJnHfSt-b2n1M7Erk-zyywLGZ6pHQQ-s94XHpW7rHPih8LNtfFoovW6n-3dQsJW-RsxK5KhVTzSgAxkJdowdOaudEWgBBAEMSEaTM4OUchRJZ0VWgWCfL9C5Ntk:1uyFbD:LUYvxxAjPPNLySsmXtcjZGPPTLZCa9PY14gNviphiq0','2025-09-29 20:14:55.911706');
/*!40000 ALTER TABLE `django_session` ENABLE KEYS */;
UNLOCK TABLES;

--
-- Table structure for table `hlag_activos`
--

DROP TABLE IF EXISTS `hlag_activos`;
/*!40101 SET @saved_cs_client     = @@character_set_client */;
/*!50503 SET character_set_client = utf8mb4 */;
CREATE TABLE `hlag_activos` (
  `id` bigint(20) NOT NULL AUTO_INCREMENT,
  `tipo` varchar(1) COLLATE utf8mb4_general_ci NOT NULL,
  `newid` int(11) NOT NULL,
  `sku` varchar(45) COLLATE utf8mb4_general_ci DEFAULT NULL,
  `detalle` varchar(250) COLLATE utf8mb4_general_ci DEFAULT NULL,
  `serial` varchar(45) COLLATE utf8mb4_general_ci DEFAULT NULL,
  `owner` varchar(1) COLLATE utf8mb4_general_ci NOT NULL,
  `factura` varchar(45) COLLATE utf8mb4_general_ci DEFAULT NULL,
  `fcompra` date DEFAULT NULL,
  `vcompra` decimal(10,2) DEFAULT NULL,
  `factivacion` date DEFAULT NULL,
  `accounted` varchar(1) COLLATE utf8mb4_general_ci NOT NULL,
  `vactual` decimal(10,2) DEFAULT NULL,
  `floor` varchar(15) COLLATE utf8mb4_general_ci DEFAULT NULL,
  `estado` varchar(1) COLLATE utf8mb4_general_ci NOT NULL,
  `festado` date DEFAULT NULL,
  `fingreso` datetime(6) NOT NULL,
  `fmodifica` datetime(6) NOT NULL,
  `building_id` bigint(20) DEFAULT NULL,
  `city_id` bigint(20) DEFAULT NULL,
  `country_id` bigint(20) DEFAULT NULL,
  `fabricante_id` bigint(20) DEFAULT NULL,
  `modelo_id` bigint(20) DEFAULT NULL,
  `nombre_id` bigint(20) DEFAULT NULL,
  `proveedor_id` bigint(20) DEFAULT NULL,
  `usuarioinv_id` bigint(20) DEFAULT NULL,
  `zona_id` bigint(20) DEFAULT NULL,
  `qr` varchar(100) COLLATE utf8mb4_general_ci DEFAULT NULL,
  PRIMARY KEY (`id`),
  KEY `hlag_activos_building_id_2e6613b1_fk_tablas_edificios_id` (`building_id`),
  KEY `hlag_activos_city_id_f062a576_fk_tablas_ciudades_id` (`city_id`),
  KEY `hlag_activos_country_id_6fb3d261_fk_tablas_paises_id` (`country_id`),
  KEY `hlag_activos_fabricante_id_68d7227f_fk_tablas_fabricantes_id` (`fabricante_id`),
  KEY `hlag_activos_modelo_id_27ce62c8_fk_tablas_modelos_id` (`modelo_id`),
  KEY `hlag_activos_nombre_id_dcf0f5be_fk_tablas_nombresactivos_id` (`nombre_id`),
  KEY `hlag_activos_proveedor_id_76e0c546_fk_tablas_proveedores_id` (`proveedor_id`),
  KEY `hlag_activos_usuarioinv_id_d69e40c7_fk_tablas_us` (`usuarioinv_id`),
  KEY `hlag_activos_zona_id_666206ed_fk_tablas_zonas_id` (`zona_id`),
  CONSTRAINT `hlag_activos_building_id_2e6613b1_fk_tablas_edificios_id` FOREIGN KEY (`building_id`) REFERENCES `tablas_edificios` (`id`),
  CONSTRAINT `hlag_activos_city_id_f062a576_fk_tablas_ciudades_id` FOREIGN KEY (`city_id`) REFERENCES `tablas_ciudades` (`id`),
  CONSTRAINT `hlag_activos_country_id_6fb3d261_fk_tablas_paises_id` FOREIGN KEY (`country_id`) REFERENCES `tablas_paises` (`id`),
  CONSTRAINT `hlag_activos_fabricante_id_68d7227f_fk_tablas_fabricantes_id` FOREIGN KEY (`fabricante_id`) REFERENCES `tablas_fabricantes` (`id`),
  CONSTRAINT `hlag_activos_modelo_id_27ce62c8_fk_tablas_modelos_id` FOREIGN KEY (`modelo_id`) REFERENCES `tablas_modelos` (`id`),
  CONSTRAINT `hlag_activos_nombre_id_dcf0f5be_fk_tablas_nombresactivos_id` FOREIGN KEY (`nombre_id`) REFERENCES `tablas_nombresactivos` (`id`),
  CONSTRAINT `hlag_activos_proveedor_id_76e0c546_fk_tablas_proveedores_id` FOREIGN KEY (`proveedor_id`) REFERENCES `tablas_proveedores` (`id`),
  CONSTRAINT `hlag_activos_usuarioinv_id_d69e40c7_fk_tablas_us` FOREIGN KEY (`usuarioinv_id`) REFERENCES `tablas_usuariosinventario` (`id`),
  CONSTRAINT `hlag_activos_zona_id_666206ed_fk_tablas_zonas_id` FOREIGN KEY (`zona_id`) REFERENCES `tablas_zonas` (`id`)
) ENGINE=InnoDB AUTO_INCREMENT=129 DEFAULT CHARSET=utf8mb4 COLLATE=utf8mb4_general_ci;
/*!40101 SET character_set_client = @saved_cs_client */;

--
-- Dumping data for table `hlag_activos`
--

LOCK TABLES `hlag_activos` WRITE;
/*!40000 ALTER TABLE `hlag_activos` DISABLE KEYS */;
INSERT INTO `hlag_activos` VALUES (1,'1',1,'','Oldid=IT-AC-001:','FCW1844J1NH','1','N/A','2022-01-03',0.00,'2023-01-02','1',0.00,'9','2','2023-09-27','2025-10-01 21:18:07.018355','2025-11-28 03:49:45.835731',2,2,1,1,1,1,NULL,NULL,1,'qrcodes/qr_IT-1.png'),(2,'1',2,'','OLDID=IT-AC-002:','FCW1916N6J6','1','N/A','2022-01-03',0.00,'2023-01-02','1',0.00,'9','2','2023-09-27','2025-10-01 21:18:07.042317','2025-11-28 03:49:45.935008',2,2,1,1,1,1,NULL,NULL,1,'qrcodes/qr_IT-2.png'),(3,'1',3,'','Oldid=IT-BE-001:','VTAF710812L','0','N/A','2020-01-06',0.00,'2020-06-11','1',0.00,'9','2','2023-09-27','2025-10-01 21:18:07.063193','2025-11-28 03:49:46.036122',2,2,1,2,2,2,NULL,NULL,1,'qrcodes/qr_IT-3.png'),(4,'1',4,'','Oldid=IT-CE-184:','359772046289535','0','N/A','2019-09-06',0.00,'2019-09-08','1',0.00,'N/A','0','2023-09-27','2025-10-01 21:18:07.080133','2025-11-28 03:49:46.137528',1,1,1,3,3,3,NULL,NULL,1,'qrcodes/qr_IT-4.png'),(5,'1',5,NULL,'Oldid=IT-CE-027:    ','353204309349836','0','N/A','2023-01-06',278.23,'2023-01-08','1',278.23,'9','0','2023-09-27','2025-10-01 21:18:07.099465','2025-11-28 03:49:46.248335',2,2,1,4,4,3,NULL,1,1,'qrcodes/qr_IT-5.png'),(6,'1',6,NULL,'Oldid=IT-CE-028:    ','353204309410885','0','N/A','2023-01-06',278.23,'2023-01-08','1',278.23,'N/A','0','2023-09-27','2025-10-01 21:18:07.119133','2025-11-28 03:49:46.348434',1,1,1,4,4,3,NULL,2,1,'qrcodes/qr_IT-6.png'),(7,'1',7,NULL,'Oldid=IT-CE-101:    ','351084396388042','0','N/A','2023-01-06',693.64,'2023-01-08','1',693.64,'N/A','0','2023-09-27','2025-10-01 21:18:07.143794','2025-11-28 03:49:46.427952',1,1,1,4,5,3,NULL,3,1,'qrcodes/qr_IT-7.png'),(8,'1',8,'','Oldid=IT-CE-102:','352094677594282','0','N/A','2023-01-06',693.64,'2023-01-08','1',693.64,'N/A','0','2023-09-27','2025-10-01 21:18:07.168320','2025-11-28 03:49:46.508158',1,1,1,4,5,3,NULL,4,1,'qrcodes/qr_IT-8.png'),(9,'1',9,'','Oldid=IT-CE-103:','353917851117703','0','N/A','2023-01-06',564.70,'2023-01-08','1',564.70,'N/A','0','2023-09-27','2025-10-01 21:18:07.187726','2025-11-28 03:49:46.570236',1,1,1,4,6,3,NULL,5,1,'qrcodes/qr_IT-9.png'),(10,'1',10,NULL,'Oldid=IT-CE-104:    ','357170855010450','0','N/A','2023-01-06',564.70,'2023-01-08','1',564.70,'N/A','0','2023-09-27','2025-10-01 21:18:07.206576','2025-11-28 03:49:46.619343',1,1,1,4,6,3,NULL,6,1,'qrcodes/qr_IT-10.png'),(11,'1',11,NULL,'Oldid=IT-CE-002:    ','356740114289045','0','N/A','2021-01-06',0.00,'2021-01-08','1',0.00,'N/A','0','2023-09-27','2025-10-01 21:18:07.223649','2025-11-28 03:49:46.682996',1,1,1,4,7,3,NULL,7,1,'qrcodes/qr_IT-11.png'),(12,'1',12,NULL,'Oldid=IT-CE-003:    ','356741114472532','0','N/A','2021-01-06',0.00,'2021-01-08','1',0.00,'N/A','0','2023-09-27','2025-10-01 21:18:07.241805','2025-11-28 03:49:46.732890',1,1,1,4,7,3,NULL,8,1,'qrcodes/qr_IT-12.png'),(13,'1',13,NULL,'Oldid=IT-DE-001:    ','BRZV0R3','0','N/A','2022-03-03',1200.00,'2022-08-04','1',1200.00,'N/A','2','2022-08-04','2025-10-01 21:18:07.355948','2025-11-28 03:49:46.793113',1,1,1,5,8,4,NULL,NULL,1,'qrcodes/qr_IT-13.png'),(14,'1',14,NULL,'Oldid=IT-DE-002:    ','6RZV0R3','0','N/A','2020-10-08',700.00,'2020-09-12','1',700.00,'N/A','0','2023-09-27','2025-10-01 21:18:07.379134','2025-11-28 03:49:46.856385',1,1,1,5,8,4,NULL,9,1,'qrcodes/qr_IT-14.png'),(15,'1',15,NULL,'Oldid=IT-MO-082:    ','0P9RHTQJ900085R','0','N/A','2022-01-06',212.00,'2022-01-08','1',212.00,'9','2','2023-09-27','2025-10-01 21:18:07.398015','2025-11-28 03:49:46.904070',2,2,1,6,9,5,NULL,NULL,1,'qrcodes/qr_IT-15.png'),(16,'1',16,NULL,'Oldid=IT-MO-083:    ','0P9RHTQJ900092P','0','N/A','2022-01-06',212.00,'2022-01-08','1',212.00,'9','2','2023-09-27','2025-10-01 21:18:07.415510','2025-11-28 03:49:46.968091',2,2,1,6,9,5,NULL,NULL,1,'qrcodes/qr_IT-16.png'),(17,'1',17,NULL,'Oldid=IT-MO-018:    ','CN-0YMYH1-74261-5BQ-1KPL','0','N/A','2022-01-06',212.00,'2022-01-08','1',212.00,'9','2','2023-09-27','2025-10-01 21:18:07.433547','2025-11-28 03:49:47.023637',2,2,1,5,10,5,NULL,NULL,1,'qrcodes/qr_IT-17.png'),(18,'1',18,NULL,'Oldid=IT-MO-019:    ','CN-0YMYH1-74261-5BQ-1KTL','0','N/A','2022-01-06',212.00,'2022-01-08','1',212.00,'9','2','2023-09-27','2025-10-01 21:18:07.450751','2025-11-28 03:49:47.086482',2,2,1,5,10,5,NULL,NULL,1,'qrcodes/qr_IT-18.png'),(19,'1',19,NULL,'Oldid=IT-NO-001:    ','H97LP13','0','N/A','2020-10-08',1000.00,'2020-09-12','1',0.00,'9','0','2023-09-27','2025-10-01 21:18:07.468005','2025-11-28 03:49:47.134477',2,2,1,5,11,6,NULL,10,1,'qrcodes/qr_IT-19.png'),(20,'1',20,NULL,'Oldid=IT-NO-002:    ','4LTNP13','0','N/A','2020-10-08',1000.00,'2020-09-12','1',0.00,'9','1','2023-09-27','2025-10-01 21:18:07.483269','2025-11-28 03:49:47.199996',2,2,1,5,11,6,NULL,NULL,1,'qrcodes/qr_IT-20.png'),(21,'1',21,NULL,'Oldid=IT-NO-026:    ','F0SL573','0','N/A','2022-03-03',1200.00,'2022-08-04','1',0.00,'N/A','4','2023-09-27','2025-10-01 21:18:07.500637','2025-11-28 03:49:47.260406',1,1,1,5,12,6,NULL,NULL,1,'qrcodes/qr_IT-21.png'),(22,'1',22,NULL,'Oldid=IT-NO-027:    ','CL4T473','0','N/A','2022-03-03',1200.00,'2022-08-04','1',0.00,'N/A','4','2023-09-27','2025-10-01 21:18:07.582972','2025-11-28 03:49:47.325290',1,1,1,5,12,6,NULL,NULL,1,'qrcodes/qr_IT-22.png'),(23,'1',23,NULL,'Oldid=IT-NO-052:    ','168H6J3','0','N/A','2022-06-11',1500.00,'2022-06-11','1',1500.00,'N/A','4','2023-09-27','2025-10-01 21:18:07.612544','2025-11-28 03:49:47.376030',1,1,1,5,13,6,NULL,NULL,1,'qrcodes/qr_IT-23.png'),(24,'1',24,NULL,'Oldid=IT-NO-312:    ','D7883J3','0','N/A','2022-06-11',1500.00,'2022-06-11','1',1500.00,'N/A','0','2023-09-27','2025-10-01 21:18:07.631898','2025-11-28 03:49:47.451840',1,1,1,5,13,6,NULL,11,1,'qrcodes/qr_IT-24.png'),(25,'1',25,NULL,'Oldid=IT-NO-047:    ','DCRQJR3','0','N/A','2022-05-07',1800.00,'2022-12-10','1',1800.00,'N/A','0','2023-09-27','2025-10-01 21:18:07.649997','2025-11-28 03:49:47.517490',1,1,1,5,14,6,NULL,12,1,'qrcodes/qr_IT-25.png'),(26,'1',26,NULL,'Oldid=IT-NO-048:    ','9MYHKR3','0','N/A','2022-05-07',1800.00,'2022-12-10','1',1800.00,'N/A','0','2023-09-27','2025-10-01 21:18:07.667937','2025-11-28 03:49:47.571363',1,1,1,5,14,6,NULL,13,1,'qrcodes/qr_IT-26.png'),(27,'1',27,NULL,'Oldid=IT-NO-483:    ','1WLSGY3','0','N/A','2022-05-07',1800.00,'2022-12-10','1',1800.00,'N/A','0','2023-09-27','2025-10-01 21:18:07.686754','2025-11-28 03:49:47.748338',1,1,1,5,15,6,NULL,NULL,1,'qrcodes/qr_IT-27.png'),(28,'1',28,NULL,'Oldid=IT-NO-407:    ','100C674','0','N/A','2025-03-15',2100.00,'2025-03-15','1',2100.00,'N/A','0','2025-05-29','2025-10-01 21:18:07.704296','2025-11-28 03:49:47.809155',1,1,1,5,16,6,NULL,14,1,'qrcodes/qr_IT-28.png'),(29,'1',29,NULL,'Oldid=IT-NO-408:    ','1BCC674','0','N/A','2025-03-15',2100.00,'2025-03-15','1',2100.00,'N/A','3','2025-05-29','2025-10-01 21:18:07.721686','2025-11-28 03:49:47.872289',1,1,1,5,16,6,NULL,NULL,1,'qrcodes/qr_IT-29.png'),(30,'1',30,NULL,'Oldid=IT-NO-484:    ','H2CRRV3','0','N/A','2022-05-07',1800.00,'2022-12-10','1',1800.00,'N/A','1','2023-09-27','2025-10-01 21:18:07.738721','2025-11-28 03:49:47.921418',1,1,1,5,17,6,NULL,NULL,1,'qrcodes/qr_IT-30.png'),(31,'1',31,NULL,'Oldid=IT-NO-485:    ','40HVPQ2','0','N/A','2020-10-08',1000.00,'2020-09-12','1',1000.00,'N/A','1','2023-09-27','2025-10-01 21:18:07.755368','2025-11-28 03:49:47.999813',1,1,1,5,18,6,NULL,NULL,1,'qrcodes/qr_IT-31.png'),(32,'1',32,NULL,'Oldid=IT-NO-491:    ','GCTV593','0','N/A','2022-04-05',2100.00,'2022-12-10','1',2100.00,'N/A','0','2023-09-27','2025-10-01 21:18:07.774430','2025-11-28 03:49:48.080508',1,1,1,5,19,6,NULL,15,1,'qrcodes/qr_IT-32.png'),(33,'1',33,NULL,'Oldid=IT-NO-492:    ','4GZ6JR3','0','N/A','2022-05-07',2100.00,'2022-12-10','1',2100.00,'N/A','0','2023-09-27','2025-10-01 21:18:07.791399','2025-11-28 03:49:48.169087',1,1,1,5,20,6,NULL,3,1,'qrcodes/qr_IT-33.png'),(34,'1',34,NULL,'Oldid=IT-NO-493:    ','94QZC74','0','N/A','2025-03-15',2500.00,'2025-03-15','1',2500.00,'N/A','0','2025-03-15','2025-10-01 21:18:07.835033','2025-11-28 03:49:48.230838',1,1,1,5,21,6,NULL,16,1,'qrcodes/qr_IT-34.png'),(35,'1',35,NULL,'Oldid=IT-PR-001:    ','5062159473V2C','0','N/A','2022-03-03',3500.00,'2021-01-06','1',3500.00,'9','2','2023-09-27','2025-10-01 21:18:07.852424','2025-11-28 03:49:48.302925',2,2,1,7,22,7,NULL,NULL,1,'qrcodes/qr_IT-35.png'),(36,'1',36,NULL,'Oldid=IT-PR-002:    ','50280080G4M6N','0','N/A','2022-03-03',2000.00,'2021-01-06','1',2000.00,'9','2','2023-09-27','2025-10-01 21:18:07.868900','2025-11-28 03:49:48.361532',2,2,1,7,23,7,NULL,NULL,1,'qrcodes/qr_IT-36.png'),(37,'1',37,NULL,'Oldid=IT-TV-001:    ','0AW53CSN800978W','0','N/A','2023-01-02',300.00,'2024-03-02','1',300.00,'9','2','2023-09-27','2025-10-01 21:18:07.885317','2025-11-28 03:49:48.437978',2,2,1,8,24,8,NULL,NULL,2,'qrcodes/qr_IT-37.png'),(38,'1',38,NULL,'Oldid=IT-TV-002:    ','--','0','N/A','2023-01-02',300.00,'2024-03-02','1',300.00,'9','2','2023-09-27','2025-10-01 21:18:07.903011','2025-11-28 03:49:48.508088',2,2,1,6,25,8,NULL,NULL,2,'qrcodes/qr_IT-38.png'),(39,'1',39,NULL,'Oldid=IT-VI-001:    ','FOC2420PM9H','1','N/A','2022-01-04',3500.00,'2022-01-12','1',3500.00,'9','2','2023-09-27','2025-10-01 21:18:07.920233','2025-11-28 03:49:48.582463',2,2,1,1,26,9,NULL,NULL,3,'qrcodes/qr_IT-39.png'),(40,'1',40,NULL,'Oldid=IT-VI-002:    ','FOC2541N8NK','1','N/A','2022-01-04',3500.00,'2022-01-12','1',3500.00,'9','2','2023-09-27','2025-10-01 21:18:07.937712','2025-11-28 03:49:48.655382',2,2,1,1,26,9,NULL,NULL,4,'qrcodes/qr_IT-40.png'),(41,'2',1,NULL,'Oldid=MO-CAJA-001:  ALTO 56 CM-ANCHO 59 CM-FONDO 64 CM  ','','2','F/39052','1900-01-01',0.00,'2022-01-12','1',0.00,'10','5','2023-06-16','2025-10-01 21:18:07.954442','2025-11-28 03:49:48.706362',1,1,1,9,27,10,NULL,17,5,'qrcodes/qr_MO-1.png'),(42,'2',2,NULL,'Oldid=MO-CAJA-002:  ALTO 101 CM-ANCHO 50 CM-FONDO 45 CM  ','','2','F/39052','1900-01-01',0.00,'2022-01-12','1',0.00,'11','5','2023-06-16','2025-10-01 21:18:07.972352','2025-11-28 03:49:48.764037',1,1,1,9,28,10,NULL,17,6,'qrcodes/qr_MO-2.png'),(43,'2',3,NULL,'Oldid=MO-CAJO-001:  CAJONERA 3 SMT 344 COLOR BLANCO ','','2','F/9635+9942','2019-10-28',0.00,'2022-01-12','1',0.00,'10','5','2023-06-16','2025-10-01 21:18:07.990337','2025-11-28 03:49:48.811809',1,1,1,10,29,11,NULL,18,7,'qrcodes/qr_MO-3.png'),(44,'2',4,NULL,'Oldid=MO-CAJO-002:  CAJONERA 4 0959 CC COLOR BLANCO ','','2','F/9635+9942','2019-10-28',0.00,'2022-01-12','1',0.00,'10','5','2023-06-16','2025-10-01 21:18:08.007571','2025-11-28 03:49:48.875590',1,1,1,10,29,11,NULL,19,8,'qrcodes/qr_MO-4.png'),(45,'2',5,NULL,'Oldid=MO-CAJO-283:  895 COLOR BLANCO ','','2','F/475','2022-05-17',0.00,'2022-01-12','1',0.00,'10','5','2023-06-16','2025-10-01 21:18:08.023933','2025-11-28 03:49:48.924043',1,1,1,11,30,11,NULL,20,8,'qrcodes/qr_MO-5.png'),(46,'2',6,NULL,'Oldid=MO-CAJO-284:  855 COLOR BLANCO ','','2','F/475','2022-05-17',0.00,'2022-01-12','1',0.00,'10','5','2023-06-16','2025-10-01 21:18:08.039973','2025-11-28 03:49:48.988789',1,1,1,11,30,11,NULL,21,8,'qrcodes/qr_MO-6.png'),(47,'2',7,NULL,'Oldid=MO-CONG-001:  OPEN PLAN LEGAL - E. ESTAY PALMS-FOREST-WITH-SKY_TRUCK ','','2','F/1223','2021-06-10',0.00,'2022-01-12','1',0.00,'12','5','2023-06-16','2025-10-01 21:18:08.056473','2025-11-28 03:49:49.036275',1,1,1,9,31,12,NULL,22,9,'qrcodes/qr_MO-7.png'),(48,'2',8,NULL,'Oldid=MO-CUAD-001:  OFICINA GERENCIA GENERAL HLAG_IG_6 ','','2','F/5238+5295','2022-07-04',0.00,'2022-01-12','1',0.00,'12','5','2023-06-16','2025-10-01 21:18:08.072974','2025-11-28 03:49:49.104967',1,1,1,12,32,13,NULL,36,10,'qrcodes/qr_MO-8.png'),(49,'2',9,NULL,'Oldid=MO-CUAD-002:  OFICINA GERENCIA GENERAL HLAG_IG_44 ','','2','F/5238+5295','2022-07-04',0.00,'2022-01-12','1',0.00,'12','5','2023-06-16','2025-10-01 21:18:08.090283','2025-11-28 03:49:49.172986',1,1,1,12,32,13,NULL,36,10,'qrcodes/qr_MO-9.png'),(50,'2',10,NULL,'Oldid=MO-ESCR-001:   COLOR CEMENTO ','7805437','2','12143','2024-08-01',1458.72,'2022-01-12','1',0.00,'9','5','2023-06-16','2025-10-01 21:18:08.106767','2025-11-28 03:49:49.240514',1,1,1,NULL,33,14,NULL,24,11,'qrcodes/qr_MO-10.png'),(51,'2',11,NULL,'Oldid=MO-ESCR-002:  OFICINA 1 SMT 383 COLOR OLMO ','7805438','2','12143','2024-08-01',1458.72,'2022-01-12','1',0.00,'9','5','2023-06-16','2025-10-01 21:18:08.143788','2025-11-28 03:49:49.306525',1,1,1,NULL,33,14,NULL,24,11,'qrcodes/qr_MO-11.png'),(52,'2',12,NULL,'Oldid=MO-ESCR-010:  OFICINA 98 COLOR OLMO ','7805446','2','12143','2024-08-01',952.97,'2022-01-12','1',0.00,'9','5','2023-06-16','2025-10-01 21:18:08.160396','2025-11-28 03:49:49.373687',1,1,1,NULL,34,14,NULL,24,12,'qrcodes/qr_MO-12.png'),(53,'2',13,NULL,'Oldid=MO-ESCR-011:  OFICINA 98 COLOR CEMENTO ','7805447','2','12143','2024-08-01',952.97,'2022-01-12','1',0.00,'9','5','2023-06-16','2025-10-01 21:18:08.176711','2025-11-28 03:49:49.437076',1,1,1,NULL,34,14,NULL,24,13,'qrcodes/qr_MO-13.png'),(54,'2',14,NULL,'Oldid=MO-ESCR-035:  OFICINA COLOR OLMO ','','2','F/1039','2019-10-28',0.00,'2022-01-12','1',0.00,'12','5','2023-06-16','2025-10-01 21:18:08.193617','2025-11-28 03:49:49.497499',1,1,1,10,35,14,NULL,25,10,'qrcodes/qr_MO-14.png'),(55,'2',15,NULL,'Oldid=MO-ESCR-036:   COLOR OLMO ','','2','F/1039','2019-10-28',0.00,'2022-01-12','1',0.00,'12','5','2023-06-16','2025-10-01 21:18:08.209284','2025-11-28 03:49:49.563703',1,1,1,10,35,14,NULL,26,10,'qrcodes/qr_MO-15.png'),(56,'2',16,NULL,'Oldid=MO-ESTA-001:  CUBIERTA, TAPA, ESTRUCTURA, SEPARADOR CRISTAL Y ALMEJAS. COLOR CEMENTO Y BLANCO ','','2','F/1039','2019-10-28',0.00,'2022-01-12','1',0.00,'10','5','2023-06-19','2025-10-01 21:18:08.225230','2025-11-28 03:49:49.629166',1,1,1,10,36,15,NULL,36,8,'qrcodes/qr_MO-16.png'),(57,'2',17,NULL,'Oldid=MO-ESTA-002:  CUBIERTA, TAPA, ESTRUCTURA, SEPARADOR CRISTAL Y ALMEJAS. COLOR CEMENTO Y BLANCO ','','2','F/1039','2019-10-28',0.00,'2022-01-12','1',0.00,'10','5','2023-06-19','2025-10-01 21:18:08.242223','2025-11-28 03:49:49.687310',1,1,1,10,37,15,NULL,36,8,'qrcodes/qr_MO-17.png'),(58,'2',18,NULL,'Oldid=MO-GENE-001:   COLOR OLMO ','','2','F/39052','2019-08-30',0.00,'2022-01-12','1',0.00,'TECHO','5','2023-06-16','2025-10-01 21:18:08.258688','2025-11-28 03:49:49.745385',1,1,1,13,38,16,NULL,NULL,1,'qrcodes/qr_MO-18.png'),(59,'2',19,NULL,'Oldid=MO-HORN-001:    ','7805475','2','40532','2024-08-01',428.33,'2022-01-12','1',0.00,'9','5','2025-01-08','2025-10-01 21:18:08.273192','2025-11-28 03:49:49.797726',1,1,1,NULL,39,17,NULL,24,14,'qrcodes/qr_MO-19.png'),(60,'2',20,NULL,'Oldid=MO-JARD-001:    ','7805483','2','241','2024-08-01',287.00,'2022-01-12','1',0.00,'9','5','2025-01-08','2025-10-01 21:18:08.289332','2025-11-28 03:49:49.845967',1,1,1,NULL,40,18,NULL,24,15,'qrcodes/qr_MO-20.png'),(61,'2',21,NULL,'Oldid=MO-JARD-002:    ','7805483','2','241','2024-08-01',287.00,'2022-01-12','1',0.00,'9','5','2025-01-08','2025-10-01 21:18:08.306350','2025-11-28 03:49:49.909480',1,1,1,NULL,40,18,NULL,24,15,'qrcodes/qr_MO-21.png'),(62,'2',22,NULL,'Oldid=MO-MAQU-001:  ESCALA 1:200  ','','2','','2024-08-01',0.00,'2022-01-12','1',0.00,'12','5','2023-06-16','2025-10-01 21:18:08.325086','2025-11-28 03:49:49.973953',1,1,1,14,41,19,NULL,36,8,'qrcodes/qr_MO-22.png'),(63,'2',23,NULL,'Oldid=MO-MAQU-002:  ESCALA 1:200  ','','2','','2024-08-01',0.00,'2022-01-12','1',0.00,'10','5','2023-06-16','2025-10-01 21:18:08.347314','2025-11-28 03:49:50.039922',1,1,1,14,42,19,NULL,36,16,'qrcodes/qr_MO-23.png'),(64,'2',24,NULL,'Oldid=MO-MESA-002:   COLOR OLMO ','7805450','2','12143','2024-08-01',348.96,'2022-01-12','1',0.00,'9','5','2023-06-16','2025-10-01 21:18:08.366465','2025-11-28 03:49:50.092515',1,1,1,NULL,43,20,NULL,24,12,'qrcodes/qr_MO-24.png'),(65,'2',25,NULL,'Oldid=MO-MESA-003:   COLOR OLMO ','7805451','2','12143','2024-08-01',348.96,'2022-01-12','1',0.00,'9','5','2023-06-16','2025-10-01 21:18:08.383374','2025-11-28 03:49:50.148011',1,1,1,NULL,43,20,NULL,24,17,'qrcodes/qr_MO-25.png'),(66,'2',26,NULL,'Oldid=MO-MESA-009:   COLOR OLMO ','7805461','2','12143','2024-08-01',442.66,'2022-01-12','1',0.00,'9','5','2023-06-16','2025-10-01 21:18:08.400880','2025-11-28 03:49:50.205381',1,1,1,NULL,44,20,NULL,24,2,'qrcodes/qr_MO-26.png'),(67,'2',27,NULL,'Oldid=MO-MESA-010:   COLOR OLMO ','7805462','2','12143','2024-08-01',442.66,'2022-01-12','1',0.00,'9','5','2023-06-16','2025-10-01 21:18:08.417110','2025-11-28 03:49:50.262312',1,1,1,NULL,44,20,NULL,24,2,'qrcodes/qr_MO-27.png'),(68,'2',28,NULL,'Oldid=MO-MESA-019:   COLOR BLANCO ','7805654','2','5718','2024-08-01',100.74,'2022-01-12','1',0.00,'9','5','2023-06-16','2025-10-01 21:18:08.432704','2025-11-28 03:49:50.312943',1,1,1,NULL,45,20,NULL,24,18,'qrcodes/qr_MO-28.png'),(69,'2',29,NULL,'Oldid=MO-MESA-020:   COLOR BLANCO ','7805655','2','5718','2024-08-01',100.74,'2022-01-12','1',0.00,'9','5','2023-06-16','2025-10-01 21:18:08.448571','2025-11-28 03:49:50.375851',1,1,1,NULL,45,20,NULL,24,18,'qrcodes/qr_MO-29.png'),(70,'2',30,NULL,'Oldid=MO-MESA-030:   COLOR OLMO ','','2','F/1039','2019-10-28',0.00,'2022-01-12','1',0.00,'11','5','2023-06-16','2025-10-01 21:18:08.466686','2025-11-28 03:49:50.423763',1,1,1,10,46,20,NULL,27,10,'qrcodes/qr_MO-30.png'),(71,'2',31,NULL,'Oldid=MO-MESA-031:   COLOR OLMO ','','2','F/1039','2019-10-28',0.00,'2022-01-12','1',0.00,'11','5','2023-06-16','2025-10-01 21:18:08.485819','2025-11-28 03:49:50.486778',1,1,1,10,46,20,NULL,28,10,'qrcodes/qr_MO-31.png'),(72,'2',32,NULL,'Oldid=MO-MESA-037:   COLOR OLMO Y PATAS  BLANCAS ','','2','F/1039','2019-10-28',0.00,'2022-01-12','1',0.00,'12','5','2023-06-16','2025-10-01 21:18:08.503456','2025-11-28 03:49:50.535467',1,1,1,9,47,20,NULL,22,19,'qrcodes/qr_MO-32.png'),(73,'2',33,NULL,'Oldid=MO-MESA-038:   COLOR OLMO Y PATAS  BLANCAS ','','2','F/1039','2019-10-28',0.00,'2022-01-12','1',0.00,'12','5','2023-06-16','2025-10-01 21:18:08.521411','2025-11-28 03:49:50.598981',1,1,1,9,47,20,NULL,22,19,'qrcodes/qr_MO-33.png'),(74,'2',34,NULL,'Oldid=MO-MICR-001:   COLOR NEGRO ','7805476','2','40532','2024-08-01',250.27,'2022-01-12','1',250.27,'9','5','2025-01-08','2025-10-01 21:18:08.537564','2025-11-28 03:49:50.645632',1,1,1,NULL,48,21,NULL,24,14,'qrcodes/qr_MO-34.png'),(75,'2',35,NULL,'Oldid=MO-MICR-002:   COLOR NEGRO ','7805477','2','40532','2024-08-01',250.27,'2022-01-12','1',250.27,'9','5','2025-01-08','2025-10-01 21:18:08.555101','2025-11-28 03:49:50.714911',1,1,1,NULL,48,21,NULL,24,14,'qrcodes/qr_MO-35.png'),(76,'2',36,NULL,'Oldid=MO-MUEB-004:   COLOR BLANCO ','','2','','2024-08-01',0.00,'2022-01-12','1',0.00,'11','5','2023-06-16','2025-10-01 21:18:08.571253','2025-11-28 03:49:50.767642',1,1,1,10,49,22,NULL,29,20,'qrcodes/qr_MO-36.png'),(77,'2',37,NULL,'Oldid=MO-MUEB-005:   COLOR BLANCO ','','2','','2024-08-01',0.00,'2022-01-12','1',0.00,'11','5','2023-06-16','2025-10-01 21:18:08.589254','2025-11-28 03:49:50.824110',1,1,1,10,49,22,NULL,30,20,'qrcodes/qr_MO-37.png'),(78,'2',38,NULL,'Oldid=MO-PAPE-001:    ','7805484','2','12462- 12530','2024-08-01',26.08,'2022-01-12','1',0.00,'9','5','2025-01-07','2025-10-01 21:18:08.606686','2025-11-28 03:49:50.894174',1,1,1,NULL,50,23,NULL,24,15,'qrcodes/qr_MO-38.png'),(79,'2',39,NULL,'Oldid=MO-PAPE-002:    ','7805484','2','12462- 12530','2024-08-01',26.08,'2022-01-12','1',0.00,'9','5','2025-01-07','2025-10-01 21:18:08.622559','2025-11-28 03:49:50.941841',1,1,1,NULL,50,23,NULL,24,15,'qrcodes/qr_MO-39.png'),(80,'2',40,NULL,'Oldid=MO-PLAN-001:  MACETERO PIRAMIDE 40 x 70 h AVOID WATERING IT OR FERTILIZING IT. ','','2','F/176-177','2022-11-14',0.00,'2022-01-12','0',0.00,'12','5','2023-07-12','2025-10-01 21:18:08.639569','2025-11-28 03:49:51.006762',1,1,1,15,51,18,NULL,31,10,'qrcodes/qr_MO-40.png'),(81,'2',41,NULL,'Oldid=MO-PLAN-002:  PIRAMIDE 40 X 70 h AVOID WATERING IT OR FERTILIZING IT. ','','2','F/176-177','2022-11-14',0.00,'2022-01-12','0',0.00,'12','5','2023-07-12','2025-10-01 21:18:08.656995','2025-11-28 03:49:51.064225',1,1,1,15,52,18,NULL,32,7,'qrcodes/qr_MO-41.png'),(82,'2',42,NULL,'Oldid=MO-POLT-001:    ','7805660','2','5718','2024-08-01',347.52,'2022-01-12','1',347.52,'9','5','2025-01-08','2025-10-01 21:18:08.671538','2025-11-28 03:49:51.118592',1,1,1,NULL,53,22,NULL,24,21,'qrcodes/qr_MO-42.png'),(83,'2',43,NULL,'Oldid=MO-POLT-002:    ','7805661','2','5718','2024-08-01',347.52,'2022-01-12','1',347.52,'9','5','2025-01-08','2025-10-01 21:18:08.687632','2025-11-28 03:49:51.166180',1,1,1,NULL,53,22,NULL,24,21,'qrcodes/qr_MO-43.png'),(84,'2',44,NULL,'Oldid=MO-REFR-001:   COLOR GRIS ','7805473','2','40532','2024-08-01',1163.88,'2022-01-12','1',0.00,'9','5','2023-06-16','2025-10-01 21:18:08.705335','2025-11-28 03:49:51.229367',1,1,1,NULL,54,24,NULL,24,14,'qrcodes/qr_MO-44.png'),(85,'2',45,NULL,'Oldid=MO-REFR-002:   COLOR GRIS OSCURO ','7805474','2','40532','2024-08-01',1163.88,'2022-01-12','1',0.00,'9','5','2023-06-16','2025-10-01 21:18:08.721963','2025-11-28 03:49:51.283922',1,1,1,NULL,54,24,NULL,24,14,'qrcodes/qr_MO-45.png'),(86,'2',46,NULL,'Oldid=MO-SILL-001:   COLOR ANARANJADO ','','2','F/1045','2019-11-18',0.00,'2022-01-12','1',0.00,'10','5','2023-06-16','2025-10-01 21:18:08.739262','2025-11-28 03:49:51.331420',1,1,1,16,55,25,NULL,33,22,'qrcodes/qr_MO-46.png'),(87,'2',47,NULL,'Oldid=MO-SILL-002:   COLOR ANARANJADO ','','2','F/1045','2019-11-18',0.00,'2022-01-12','1',0.00,'10','5','2023-06-16','2025-10-01 21:18:08.757849','2025-11-28 03:49:51.395188',1,1,1,16,55,25,NULL,33,22,'qrcodes/qr_MO-47.png'),(88,'2',48,NULL,'Oldid=MO-SILL-371:   COLOR NEGRO ','','2','F/1045','2019-11-18',0.00,'2022-01-12','1',0.00,'11','5','2023-06-16','2025-10-01 21:18:08.775107','2025-11-28 03:49:51.458956',1,1,1,16,56,25,NULL,34,10,'qrcodes/qr_MO-48.png'),(89,'2',49,NULL,'Oldid=MO-SILL-372:   COLOR NEGRO ','','2','F/1045','2019-11-18',0.00,'2022-01-12','1',0.00,'11','5','2023-06-16','2025-10-01 21:18:08.792507','2025-11-28 03:49:51.512392',1,1,1,16,56,25,NULL,34,10,'qrcodes/qr_MO-49.png'),(90,'2',50,NULL,'Oldid=MO-SILL-404:   CUERO COLOR VERDE ','','2','F/844','2021-07-01',0.00,'2022-01-12','1',0.00,'12','5','2023-06-16','2025-10-01 21:18:08.807616','2025-11-28 03:49:51.584995',1,1,1,17,57,25,NULL,36,19,'qrcodes/qr_MO-50.png'),(91,'2',51,NULL,'Oldid=MO-SILL-405:   CUERO COLOR VERDE ','','2','F/844','2021-07-01',0.00,'2022-01-12','1',0.00,'12','5','2023-06-16','2025-10-01 21:18:08.825213','2025-11-28 03:49:51.659795',1,1,1,17,57,25,NULL,36,19,'qrcodes/qr_MO-51.png'),(92,'2',52,NULL,'Oldid=MO-SILL-439:   COLOR NEGRO ','','2','F/1045','2019-11-18',0.00,'2022-01-12','1',0.00,'12','5','2023-06-16','2025-10-01 21:18:08.842619','2025-11-28 03:49:51.729078',1,1,1,16,58,25,NULL,32,7,'qrcodes/qr_MO-52.png'),(93,'2',53,NULL,'Oldid=MO-SILL-440:   COLOR NEGRO ','','2','F/1045','2019-11-18',0.00,'2022-01-12','1',0.00,'12','5','2023-06-16','2025-10-01 21:18:08.859441','2025-11-28 03:49:51.790526',1,1,1,16,58,25,NULL,32,7,'qrcodes/qr_MO-53.png'),(94,'2',54,NULL,'Oldid=MO-SILL-441:   COLOR NEGRO ','','2','F/1045','2019-11-18',0.00,'2022-01-12','1',0.00,'12','5','2023-06-16','2025-10-01 21:18:08.877141','2025-11-28 03:49:51.862597',1,1,1,16,59,25,NULL,32,7,'qrcodes/qr_MO-54.png'),(95,'2',55,NULL,'Oldid=MO-SILL-442:   COLOR NEGRO ','','2','F/1045','2019-11-18',0.00,'2022-01-12','1',0.00,'12','5','2023-06-16','2025-10-01 21:18:08.893277','2025-11-28 03:49:51.931178',1,1,1,16,59,25,NULL,35,7,'qrcodes/qr_MO-55.png'),(96,'2',56,NULL,'Oldid=MO-SILL-521:   COLOR NEGRO ','','2','F/1045','2019-11-18',0.00,'2022-01-12','1',0.00,'12','5','2023-06-16','2025-10-01 21:18:08.911172','2025-11-28 03:49:51.998680',1,1,1,16,60,25,NULL,27,10,'qrcodes/qr_MO-56.png'),(97,'2',57,NULL,'Oldid=MO-SILL-522:   COLOR NEGRO ','','2','F/1045','2019-11-18',0.00,'2022-01-12','1',0.00,'12','5','2023-06-16','2025-10-01 21:18:08.939508','2025-11-28 03:49:52.065013',1,1,1,16,60,25,NULL,27,10,'qrcodes/qr_MO-57.png'),(98,'2',58,NULL,'Oldid=MO-SILL-633:   COLOR CAF ','','2','','2019-11-18',0.00,'2022-01-12','1',0.00,'12','5','2023-06-16','2025-10-01 21:18:08.957630','2025-11-28 03:49:52.130826',1,1,1,18,61,25,NULL,36,20,'qrcodes/qr_MO-58.png'),(99,'2',59,NULL,'Oldid=MO-SILL-634:   COLOR CAF ','','2','','2019-11-18',0.00,'2022-01-12','1',0.00,'12','5','2023-06-16','2025-10-01 21:18:08.974411','2025-11-28 03:49:52.199076',1,1,1,18,61,25,NULL,36,20,'qrcodes/qr_MO-59.png'),(100,'2',60,NULL,'Oldid=MO-ESCR-001:    ','7805437','2','12143','2024-08-01',1458.72,'2022-01-12','1',0.00,'9','5','2025-01-08','2025-10-01 21:18:08.991038','2025-11-28 03:49:52.264977',2,2,1,10,33,14,NULL,24,11,'qrcodes/qr_MO-60.png'),(101,'2',61,NULL,'Oldid=MO-ESCR-002:    ','7805438','2','12143','2024-08-01',1458.72,'2022-01-12','1',0.00,'9','5','2025-01-08','2025-10-01 21:18:09.009551','2025-11-28 03:49:52.332666',2,2,1,10,33,14,NULL,24,11,'qrcodes/qr_MO-61.png'),(102,'2',62,NULL,'Oldid=MO-ESCR-010:    ','7805446','2','12143','2024-08-01',952.97,'2022-01-12','1',0.00,'9','5','2025-01-08','2025-10-01 21:18:09.025330','2025-11-28 03:49:52.401819',2,2,1,10,34,14,NULL,24,12,'qrcodes/qr_MO-62.png'),(103,'2',63,NULL,'Oldid=MO-ESCR-011:    ','7805447','2','12143','2024-08-01',952.97,'2022-01-12','1',0.00,'9','5','2025-01-08','2025-10-01 21:18:09.042677','2025-11-28 03:49:52.464852',2,2,1,10,34,14,NULL,24,13,'qrcodes/qr_MO-63.png'),(104,'2',64,NULL,'Oldid=MO-JARD-001:    ','780548322','2','241','2024-08-01',287.00,'2022-01-12','1',0.00,'9','5','2025-01-08','2025-10-01 21:18:09.062347','2025-11-28 03:49:52.535128',2,2,1,15,62,26,NULL,24,15,'qrcodes/qr_MO-64.png'),(105,'2',65,NULL,'Oldid=MO-JARD-002:    ','780548323','2','241','2024-08-01',287.00,'2022-01-12','1',0.00,'9','5','2025-01-08','2025-10-01 21:18:09.081446','2025-11-28 03:49:52.603637',2,2,1,15,62,26,NULL,24,15,'qrcodes/qr_MO-65.png'),(106,'2',66,NULL,'Oldid=MO-MESA-001:    ','7805436','2','117206','2024-08-01',299.68,'2022-01-12','1',0.00,'9','5','2025-01-08','2025-10-01 21:18:09.099325','2025-11-28 03:49:52.669829',2,2,1,19,63,20,NULL,24,23,'qrcodes/qr_MO-66.png'),(107,'2',67,NULL,'Oldid=MO-MESA-002:    ','7805450','2','12143','2024-08-01',348.96,'2022-01-12','1',0.00,'9','5','2025-01-08','2025-10-01 21:18:09.116711','2025-11-28 03:49:52.736411',2,2,1,10,43,20,NULL,24,12,'qrcodes/qr_MO-67.png'),(108,'2',68,NULL,'Oldid=MO-MESA-009:    ','7805461','2','12143','2024-08-01',442.66,'2022-01-12','1',0.00,'9','5','2025-01-08','2025-10-01 21:18:09.135117','2025-11-28 03:49:52.805103',2,2,1,10,44,20,NULL,24,2,'qrcodes/qr_MO-68.png'),(109,'2',69,NULL,'Oldid=MO-MESA-010:    ','7805462','2','12143','2024-08-01',442.66,'2022-01-12','1',0.00,'9','5','2025-01-08','2025-10-01 21:18:09.152751','2025-11-28 03:49:52.872428',2,2,1,10,44,20,NULL,24,2,'qrcodes/qr_MO-69.png'),(110,'2',70,NULL,'Oldid=MO-MICR-001:    ','7805476','2','40532','2024-08-01',250.27,'2022-01-12','1',0.00,'9','5','2025-01-08','2025-10-01 21:18:09.170091','2025-11-28 03:49:52.939966',2,2,1,20,64,21,NULL,24,14,'qrcodes/qr_MO-70.png'),(111,'2',71,NULL,'Oldid=MO-MICR-002:    ','7805477','2','40532','2024-08-01',250.27,'2022-01-12','1',0.00,'9','5','2025-01-08','2025-10-01 21:18:09.188281','2025-11-28 03:49:53.009578',2,2,1,20,64,21,NULL,24,14,'qrcodes/qr_MO-71.png'),(112,'2',72,NULL,'Oldid=MO-PAPE-001:    ','7805484','2','12462- 12530','2024-08-01',26.08,'2022-01-12','1',0.00,'9','5','2025-01-08','2025-10-01 21:18:09.205502','2025-11-28 03:49:53.077390',2,2,1,10,50,23,NULL,24,15,'qrcodes/qr_MO-72.png'),(113,'2',73,NULL,'Oldid=MO-PAPE-002:    ','780548401','2','12462- 12530','2024-08-01',26.08,'2022-01-12','1',0.00,'9','5','2025-01-08','2025-10-01 21:18:09.222744','2025-11-28 03:49:53.165030',2,2,1,10,50,23,NULL,24,15,'qrcodes/qr_MO-73.png'),(114,'2',74,NULL,'Oldid=MO-PISO-001:    ','7805689','2','577','2024-08-01',0.00,'2022-01-12','1',0.00,'9','5','2025-01-08','2025-10-01 21:18:09.239453','2025-11-28 03:49:53.247656',2,2,1,21,65,27,NULL,24,10,'qrcodes/qr_MO-74.png'),(115,'2',75,NULL,'Oldid=MO-POLT-001:    ','7805660','2','5718','2024-08-01',347.52,'2022-01-12','1',0.00,'9','5','2025-01-08','2025-10-01 21:18:09.256690','2025-11-28 03:49:53.329215',2,2,1,22,53,28,NULL,24,21,'qrcodes/qr_MO-75.png'),(116,'2',76,NULL,'Oldid=MO-POLT-002:    ','7805661','2','5718','2024-08-01',347.52,'2022-01-12','1',0.00,'9','5','2025-01-08','2025-10-01 21:18:09.276845','2025-11-28 03:49:53.401915',2,2,1,22,53,28,NULL,24,21,'qrcodes/qr_MO-76.png'),(117,'2',77,'','Oldid=MO-REFR-001:','7805473','2','40532','2024-08-01',1163.88,'2022-01-12','1',0.00,'9','5','2025-01-08','2025-10-01 21:18:09.293593','2025-11-28 03:49:53.478331',2,2,1,20,54,29,NULL,24,14,'qrcodes/qr_MO-77.png'),(118,'2',78,NULL,'Oldid=MO-REFR-002:    ','7805474','2','40532','2024-08-01',1163.88,'2022-01-12','1',0.00,'9','5','2025-01-08','2025-10-01 21:18:09.311311','2025-11-28 03:49:53.557404',2,2,1,20,54,29,NULL,24,14,'qrcodes/qr_MO-78.png'),(119,'2',79,NULL,'Oldid=MO-SILL-166:    ','7805502','2','115063','2024-08-01',576.11,'2022-01-12','1',0.00,'9','5','2025-01-08','2025-10-01 21:18:09.328588','2025-11-28 03:49:53.621308',2,2,1,10,66,25,NULL,24,18,'qrcodes/qr_MO-79.png'),(120,'2',80,NULL,'Oldid=MO-SILL-167:    ','7805503','2','115063','2024-08-01',576.11,'2022-01-12','1',0.00,'9','5','2025-01-08','2025-10-01 21:18:09.347154','2025-11-28 03:49:53.693024',2,2,1,10,66,25,NULL,24,18,'qrcodes/qr_MO-80.png'),(121,'2',81,NULL,'Oldid=MO-SILLA-162:    ','7805663','2','5718','2024-08-01',109.97,'2022-01-12','1',0.00,'9','5','2025-01-07','2025-10-01 21:18:09.366366','2025-11-28 03:49:53.751419',2,2,1,22,67,25,NULL,24,24,'qrcodes/qr_MO-81.png'),(122,'2',82,NULL,'Oldid=MO-SILLA-163:    ','7805664','2','5718','2024-08-01',109.97,'2022-01-12','1',0.00,'9','5','2025-01-07','2025-10-01 21:18:09.387739','2025-11-28 03:49:53.827093',2,2,1,22,67,25,NULL,24,24,'qrcodes/qr_MO-82.png'),(123,'2',83,NULL,'Oldid=MO-SILLO-001:   CUERO COLOR LIGHT GREY ','7805648','2','5718','2024-08-01',1318.36,'2022-01-12','1',1318.36,'9','5','2025-01-08','2025-10-01 21:18:09.405503','2025-11-28 03:49:53.897227',2,2,1,22,68,28,NULL,24,18,'qrcodes/qr_MO-83.png'),(124,'2',84,NULL,'Oldid=MO-SILLO-002:   CUERO COLOR LIGHT GREY ','7805649','2','5718','2024-08-01',1318.36,'2022-01-12','1',1318.36,'9','5','2025-01-08','2025-10-01 21:18:09.422204','2025-11-28 03:49:53.963023',2,2,1,22,68,28,NULL,24,18,'qrcodes/qr_MO-84.png'),(125,'2',85,NULL,'Oldid=MO-TABU-001:    ','7805468','2','12143','2024-08-01',165.77,'2022-01-12','1',0.00,'9','5','2025-01-08','2025-10-01 21:18:09.440426','2025-11-28 03:49:54.025274',2,2,1,10,69,30,NULL,24,25,'qrcodes/qr_MO-85.png'),(126,'2',86,NULL,'Oldid=MO-TABU-002:    ','7805469','2','12143','2024-08-01',165.77,'2022-01-12','1',0.00,'9','5','2025-01-08','2025-10-01 21:18:09.456298','2025-11-28 03:49:54.088750',2,2,1,10,69,30,NULL,24,25,'qrcodes/qr_MO-86.png'),(127,'2',87,NULL,'Oldid=MO-TELE-001:    ','7805401','2','1831694','2024-05-07',1373.96,'2022-01-12','1',0.00,'9','5','2025-01-08','2025-10-01 21:18:09.474039','2025-11-28 03:49:54.167250',2,2,1,6,70,31,NULL,24,18,'qrcodes/qr_MO-87.png'),(128,'2',88,NULL,'Oldid=MO-TELE-002:    ','7805402','2','1831694','2024-05-07',1373.96,'2022-01-12','1',0.00,'9','5','2025-01-08','2025-10-01 21:18:09.490102','2025-11-28 03:49:54.249099',2,2,1,6,70,31,NULL,24,18,'qrcodes/qr_MO-88.png');
/*!40000 ALTER TABLE `hlag_activos` ENABLE KEYS */;
UNLOCK TABLES;

--
-- Table structure for table `hlag_areas`
--

DROP TABLE IF EXISTS `hlag_areas`;
/*!40101 SET @saved_cs_client     = @@character_set_client */;
/*!50503 SET character_set_client = utf8mb4 */;
CREATE TABLE `hlag_areas` (
  `id` bigint(20) NOT NULL AUTO_INCREMENT,
  `pais_id` bigint(20) DEFAULT NULL,
  `areaname_id` bigint(20) DEFAULT NULL,
  PRIMARY KEY (`id`),
  KEY `hlag_areas_pais_id_1ede2608_fk_tablas_paises_id` (`pais_id`),
  KEY `hlag_areas_areaname_id_832e08f7_fk_tablas_nombresareas_id` (`areaname_id`),
  CONSTRAINT `hlag_areas_areaname_id_832e08f7_fk_tablas_nombresareas_id` FOREIGN KEY (`areaname_id`) REFERENCES `tablas_nombresareas` (`id`),
  CONSTRAINT `hlag_areas_pais_id_1ede2608_fk_tablas_paises_id` FOREIGN KEY (`pais_id`) REFERENCES `tablas_paises` (`id`)
) ENGINE=InnoDB AUTO_INCREMENT=15 DEFAULT CHARSET=utf8mb4 COLLATE=utf8mb4_general_ci;
/*!40101 SET character_set_client = @saved_cs_client */;

--
-- Dumping data for table `hlag_areas`
--

LOCK TABLES `hlag_areas` WRITE;
/*!40000 ALTER TABLE `hlag_areas` DISABLE KEYS */;
INSERT INTO `hlag_areas` VALUES (1,1,1),(2,8,1),(3,2,2),(4,4,2),(9,6,3),(10,3,4),(11,5,4),(12,7,5),(13,9,5),(14,10,5);
/*!40000 ALTER TABLE `hlag_areas` ENABLE KEYS */;
UNLOCK TABLES;

--
-- Table structure for table `tablas_ciudades`
--

DROP TABLE IF EXISTS `tablas_ciudades`;
/*!40101 SET @saved_cs_client     = @@character_set_client */;
/*!50503 SET character_set_client = utf8mb4 */;
CREATE TABLE `tablas_ciudades` (
  `id` bigint(20) NOT NULL AUTO_INCREMENT,
  `nombre` varchar(45) COLLATE utf8mb4_general_ci NOT NULL,
  `pais_id` bigint(20) DEFAULT NULL,
  `codigo` varchar(4) COLLATE utf8mb4_general_ci DEFAULT NULL,
  PRIMARY KEY (`id`),
  KEY `tablas_ciudades_pais_id_7166012d_fk_tablas_paises_id` (`pais_id`),
  CONSTRAINT `tablas_ciudades_pais_id_7166012d_fk_tablas_paises_id` FOREIGN KEY (`pais_id`) REFERENCES `tablas_paises` (`id`)
) ENGINE=InnoDB AUTO_INCREMENT=3 DEFAULT CHARSET=utf8mb4 COLLATE=utf8mb4_general_ci;
/*!40101 SET character_set_client = @saved_cs_client */;

--
-- Dumping data for table `tablas_ciudades`
--

LOCK TABLES `tablas_ciudades` WRITE;
/*!40000 ALTER TABLE `tablas_ciudades` DISABLE KEYS */;
INSERT INTO `tablas_ciudades` VALUES (1,'VINA DEL MAR',1,'VAP'),(2,'SANTIAGO',1,'SCL');
/*!40000 ALTER TABLE `tablas_ciudades` ENABLE KEYS */;
UNLOCK TABLES;

--
-- Table structure for table `tablas_edificios`
--

DROP TABLE IF EXISTS `tablas_edificios`;
/*!40101 SET @saved_cs_client     = @@character_set_client */;
/*!50503 SET character_set_client = utf8mb4 */;
CREATE TABLE `tablas_edificios` (
  `id` bigint(20) NOT NULL AUTO_INCREMENT,
  `nombre` varchar(45) COLLATE utf8mb4_general_ci NOT NULL,
  `ciudad_id` bigint(20) DEFAULT NULL,
  `pais_id` bigint(20) DEFAULT NULL,
  PRIMARY KEY (`id`),
  KEY `tablas_edificios_ciudad_id_bf9f3fce_fk_tablas_ciudades_id` (`ciudad_id`),
  KEY `tablas_edificios_pais_id_5b9e36f9_fk_tablas_paises_id` (`pais_id`),
  CONSTRAINT `tablas_edificios_ciudad_id_bf9f3fce_fk_tablas_ciudades_id` FOREIGN KEY (`ciudad_id`) REFERENCES `tablas_ciudades` (`id`),
  CONSTRAINT `tablas_edificios_pais_id_5b9e36f9_fk_tablas_paises_id` FOREIGN KEY (`pais_id`) REFERENCES `tablas_paises` (`id`)
) ENGINE=InnoDB AUTO_INCREMENT=3 DEFAULT CHARSET=utf8mb4 COLLATE=utf8mb4_general_ci;
/*!40101 SET character_set_client = @saved_cs_client */;

--
-- Dumping data for table `tablas_edificios`
--

LOCK TABLES `tablas_edificios` WRITE;
/*!40000 ALTER TABLE `tablas_edificios` DISABLE KEYS */;
INSERT INTO `tablas_edificios` VALUES (1,'WORK MARINA',1,1),(2,'NUEVA CORDOVA',2,1);
/*!40000 ALTER TABLE `tablas_edificios` ENABLE KEYS */;
UNLOCK TABLES;

--
-- Table structure for table `tablas_fabricantes`
--

DROP TABLE IF EXISTS `tablas_fabricantes`;
/*!40101 SET @saved_cs_client     = @@character_set_client */;
/*!50503 SET character_set_client = utf8mb4 */;
CREATE TABLE `tablas_fabricantes` (
  `id` bigint(20) NOT NULL AUTO_INCREMENT,
  `nombre` varchar(45) COLLATE utf8mb4_general_ci NOT NULL,
  PRIMARY KEY (`id`)
) ENGINE=InnoDB AUTO_INCREMENT=23 DEFAULT CHARSET=utf8mb4 COLLATE=utf8mb4_general_ci;
/*!40101 SET character_set_client = @saved_cs_client */;

--
-- Dumping data for table `tablas_fabricantes`
--

LOCK TABLES `tablas_fabricantes` WRITE;
/*!40000 ALTER TABLE `tablas_fabricantes` DISABLE KEYS */;
INSERT INTO `tablas_fabricantes` VALUES (1,'CISCO'),(2,'EPSON'),(3,'NOKIA'),(4,'APPLE'),(5,'DELL'),(6,'SAMSUNG'),(7,'LEXMARK'),(8,'LG'),(9,'NO NAME'),(10,'EASTON'),(11,'RUBEN TRONCOSO'),(12,'DIGITART'),(13,'VIELCO'),(14,'HL'),(15,'KLEIN & KLEIN'),(16,'DIMUSA'),(17,'EYZAGUIRRE'),(18,'SIN IDENTIFICAR'),(19,'CONTTATO'),(20,'KITCHEN HOUSE'),(21,'WORK KIT'),(22,'INTERGROUPE');
/*!40000 ALTER TABLE `tablas_fabricantes` ENABLE KEYS */;
UNLOCK TABLES;

--
-- Table structure for table `tablas_modelos`
--

DROP TABLE IF EXISTS `tablas_modelos`;
/*!40101 SET @saved_cs_client     = @@character_set_client */;
/*!50503 SET character_set_client = utf8mb4 */;
CREATE TABLE `tablas_modelos` (
  `id` bigint(20) NOT NULL AUTO_INCREMENT,
  `nombre` varchar(120) COLLATE utf8mb4_general_ci NOT NULL,
  `fabricante_id` bigint(20) DEFAULT NULL,
  PRIMARY KEY (`id`),
  KEY `tablas_modelos_fabricante_id_f5371202_fk_tablas_fabricantes_id` (`fabricante_id`),
  CONSTRAINT `tablas_modelos_fabricante_id_f5371202_fk_tablas_fabricantes_id` FOREIGN KEY (`fabricante_id`) REFERENCES `tablas_fabricantes` (`id`)
) ENGINE=InnoDB AUTO_INCREMENT=71 DEFAULT CHARSET=utf8mb4 COLLATE=utf8mb4_general_ci;
/*!40101 SET character_set_client = @saved_cs_client */;

--
-- Dumping data for table `tablas_modelos`
--

LOCK TABLES `tablas_modelos` WRITE;
/*!40000 ALTER TABLE `tablas_modelos` DISABLE KEYS */;
INSERT INTO `tablas_modelos` VALUES (1,'AIR-CAP2702I-A-K9',1),(2,'POWERLITE 98H',2),(3,'C1 - 02',3),(4,'IPHONE 11 BLACK 64GB',4),(5,'IPHONE 13 AZUL MEDIANOCHE 128GB',4),(6,'IPHONE 14 PRO 256GB SPACE BLACK',4),(7,'IPHONE SE',4),(8,'OPTIPLEX 7000',5),(9,'LC24F390FHLXZS',6),(10,'U2412M',5),(11,'LATITUDE 5400',5),(12,'LATITUDE 5411',5),(13,'LATITUDE 5420',5),(14,'LATITUDE 5430',5),(15,'LATITUDE 5440',5),(16,'LATITUDE 5450',5),(17,'LATITUDE 7430',5),(18,'LATITUDE 7490',5),(19,'LATITUDE 9410',5),(20,'LATITUDE 9420',5),(21,'LATITUDE 9450',5),(22,'C792DE',7),(23,'CS725',7),(24,'55UQ7500',8),(25,'UN65TU6900G',6),(26,'CS KIT MINI K9',1),(27,'CAJA FUERTE 120KG',9),(28,'CAJA FUERTE 400KG',9),(29,'CON RUEDAS 1 CAJON Y 1 ARCHIVERO CON CESTO MELAMINA Y TIRADOR',10),(30,'CON RUEDAS 2 CAJONES',11),(31,'CONGELADOR HORIZONTAL 200 LTS',9),(32,'CUADRO METACRILATO 80X60 CM',12),(33,'ESCRITORIO BENCH 4 PERSONAS',NULL),(34,'ESCRITORIO PRIVADO CAJONERA MOVIL',NULL),(35,'QUADRIFOGLIO X3 INCLUYE CAJONERA',10),(36,'MODELO QUADRIFOGLIO LINEA X3 15P',10),(37,'MODELO QUADRIFOGLIO LINEA X3 12P',10),(38,'DIESEL MODELO GS165CLC',13),(39,'HORNO BOSCH 60 CM HOTAIR INOXIDABLE',NULL),(40,'JARDINERA 178 X 16 X 27 H',NULL),(41,'CORCOVADO SHI 9300 TEU',14),(42,'LUDWIGSHAFEN EXPRESS HHI 13200 TEU',14),(43,'MESA CUBIERTA HPL25MAD 1000X1000',NULL),(44,'MESA DE CAPACITACION HP 18 MAD (2C/TC 45) 1500X800',NULL),(45,'MESA LATERAL AVILL BAJA ESTRUCTURA METALICA LACADA',NULL),(46,'TEAMWORK LINEA X3 6P CON PATA TOTEM LATERAL CUBIERTA TRAPEZOIDAL',10),(47,'MESA COMEDOR EJECUTIVO CUBIERTA MADERA NATIVA Y PATAS METALICAS',9),(48,'MICROONDAS TFL TEKA 25 LITROS ML 825',NULL),(49,'MUEBLE APOYO MELAMINA DE 90 CM CON 4 RUEDAS CON FRENO',10),(50,'48 PAPELERO ACERO ELECTROPINTADO CON TROQUEL',NULL),(51,'FICUS LYRATA',15),(52,'FICUS BENJAMINA \"DANIELLE\"',15),(53,'MONET, POLTRONA DE BASE TRINEO CROMADA',NULL),(54,'REFRIGERADOR EMPOTRABLE BOSCH COMBINADO PANELABLE',NULL),(55,'FLEXA SIN APOYA CABEZA RUEDA GOMA',16),(56,'ATTIVA APOYA CABEZA RUEDA GOMA Y BASE DE ALUMINIO',16),(57,'SILLON MADERA REPLICA DE BARCO TAPIZ CUERO',17),(58,'OTAVO TRINEO',16),(59,'FLEXA APOYA CABEZA RUEDA GOMA',16),(60,'CRONO RESPALDO TAPIZ CUERO RUEDA DE GOMA',16),(61,'SILLAS RETAURADAS CUERO CON RUEDAS Y APOYA BRAZOS',18),(62,'JARDINERA  178 X 16 X 27 H',15),(63,'MESA ARKET 70X70 GRIS OSCURO',19),(64,'MICROONDAS TFL TEKA 25 LITROS ML 825 NEGRO',20),(65,'PISO OFICINA DESCANSO',21),(66,'SILLA EJECUTIVA CON RESPALDO - DIRECTORIO',10),(67,'SILLA MARION GRIS CALIDO',22),(68,'SILLON NATUZZI PREMURA CUERO DENVER',22),(69,'TABURETE ELEVABLE CIRCULAR',10),(70,'TV SAMSUNG QLED TV,QN85Q80CAG,85,QWW30/Q85CK2',6);
/*!40000 ALTER TABLE `tablas_modelos` ENABLE KEYS */;
UNLOCK TABLES;

--
-- Table structure for table `tablas_nombresactivos`
--

DROP TABLE IF EXISTS `tablas_nombresactivos`;
/*!40101 SET @saved_cs_client     = @@character_set_client */;
/*!50503 SET character_set_client = utf8mb4 */;
CREATE TABLE `tablas_nombresactivos` (
  `id` bigint(20) NOT NULL AUTO_INCREMENT,
  `nombre` varchar(45) COLLATE utf8mb4_general_ci NOT NULL,
  PRIMARY KEY (`id`)
) ENGINE=InnoDB AUTO_INCREMENT=32 DEFAULT CHARSET=utf8mb4 COLLATE=utf8mb4_general_ci;
/*!40101 SET character_set_client = @saved_cs_client */;

--
-- Dumping data for table `tablas_nombresactivos`
--

LOCK TABLES `tablas_nombresactivos` WRITE;
/*!40000 ALTER TABLE `tablas_nombresactivos` DISABLE KEYS */;
INSERT INTO `tablas_nombresactivos` VALUES (1,'ACCESS-POINT'),(2,'BEAMER'),(3,'CELLPHONE'),(4,'DESKTOP PC'),(5,'MONITOR'),(6,'NOTEBOOK PC'),(7,'PRINTER'),(8,'TV SET'),(9,'VIDEOCONFERENCE'),(10,'SAFE BOX'),(11,'DRAWERS'),(12,'FREEZER'),(13,'PHOTO'),(14,'DESK'),(15,'WORKSTATION'),(16,'GENERATOR'),(17,'OVEN'),(18,'PLANT'),(19,'SHIP MODEL'),(20,'TABLE'),(21,'MICROWAVE'),(22,'FURNITURE'),(23,'BASKET'),(24,'FRIDGE'),(25,'CHAIR'),(26,'GARDEN POT'),(27,'CARPET'),(28,'ARMCHAIR'),(29,'FRIGIDAIRE'),(30,'BENCH'),(31,'TVSET');
/*!40000 ALTER TABLE `tablas_nombresactivos` ENABLE KEYS */;
UNLOCK TABLES;

--
-- Table structure for table `tablas_nombresareas`
--

DROP TABLE IF EXISTS `tablas_nombresareas`;
/*!40101 SET @saved_cs_client     = @@character_set_client */;
/*!50503 SET character_set_client = utf8mb4 */;
CREATE TABLE `tablas_nombresareas` (
  `id` bigint(20) NOT NULL AUTO_INCREMENT,
  `nombre` varchar(45) COLLATE utf8mb4_general_ci NOT NULL,
  PRIMARY KEY (`id`)
) ENGINE=InnoDB AUTO_INCREMENT=6 DEFAULT CHARSET=utf8mb4 COLLATE=utf8mb4_general_ci;
/*!40101 SET character_set_client = @saved_cs_client */;

--
-- Dumping data for table `tablas_nombresareas`
--

LOCK TABLES `tablas_nombresareas` WRITE;
/*!40000 ALTER TABLE `tablas_nombresareas` DISABLE KEYS */;
INSERT INTO `tablas_nombresareas` VALUES (1,'CHILE'),(2,'ARGENTINA'),(3,'BRASIL'),(4,'PERU'),(5,'COLOMBIA');
/*!40000 ALTER TABLE `tablas_nombresareas` ENABLE KEYS */;
UNLOCK TABLES;

--
-- Table structure for table `tablas_paises`
--

DROP TABLE IF EXISTS `tablas_paises`;
/*!40101 SET @saved_cs_client     = @@character_set_client */;
/*!50503 SET character_set_client = utf8mb4 */;
CREATE TABLE `tablas_paises` (
  `id` bigint(20) NOT NULL AUTO_INCREMENT,
  `nombre` varchar(45) COLLATE utf8mb4_general_ci NOT NULL,
  `codigo` varchar(4) COLLATE utf8mb4_general_ci DEFAULT NULL,
  PRIMARY KEY (`id`)
) ENGINE=InnoDB AUTO_INCREMENT=11 DEFAULT CHARSET=utf8mb4 COLLATE=utf8mb4_general_ci;
/*!40101 SET character_set_client = @saved_cs_client */;

--
-- Dumping data for table `tablas_paises`
--

LOCK TABLES `tablas_paises` WRITE;
/*!40000 ALTER TABLE `tablas_paises` DISABLE KEYS */;
INSERT INTO `tablas_paises` VALUES (1,'CHILE','CL'),(2,'ARGENTINA','AR'),(3,'PERU','PE'),(4,'URUGUAY','UR'),(5,'ECUADOR','EC'),(6,'BRASIL','BR'),(7,'COLOMBIA','CO'),(8,'BOLIVIA','BO'),(9,'PUERTO RICO','PR'),(10,'GUATEMALA','GT');
/*!40000 ALTER TABLE `tablas_paises` ENABLE KEYS */;
UNLOCK TABLES;

--
-- Table structure for table `tablas_proveedores`
--

DROP TABLE IF EXISTS `tablas_proveedores`;
/*!40101 SET @saved_cs_client     = @@character_set_client */;
/*!50503 SET character_set_client = utf8mb4 */;
CREATE TABLE `tablas_proveedores` (
  `id` bigint(20) NOT NULL AUTO_INCREMENT,
  `nombre` varchar(45) COLLATE utf8mb4_general_ci NOT NULL,
  PRIMARY KEY (`id`)
) ENGINE=InnoDB DEFAULT CHARSET=utf8mb4 COLLATE=utf8mb4_general_ci;
/*!40101 SET character_set_client = @saved_cs_client */;

--
-- Dumping data for table `tablas_proveedores`
--

LOCK TABLES `tablas_proveedores` WRITE;
/*!40000 ALTER TABLE `tablas_proveedores` DISABLE KEYS */;
/*!40000 ALTER TABLE `tablas_proveedores` ENABLE KEYS */;
UNLOCK TABLES;

--
-- Table structure for table `tablas_usuariosinventario`
--

DROP TABLE IF EXISTS `tablas_usuariosinventario`;
/*!40101 SET @saved_cs_client     = @@character_set_client */;
/*!50503 SET character_set_client = utf8mb4 */;
CREATE TABLE `tablas_usuariosinventario` (
  `id` bigint(20) NOT NULL AUTO_INCREMENT,
  `nombre` varchar(45) COLLATE utf8mb4_general_ci NOT NULL,
  PRIMARY KEY (`id`)
) ENGINE=InnoDB AUTO_INCREMENT=37 DEFAULT CHARSET=utf8mb4 COLLATE=utf8mb4_general_ci;
/*!40101 SET character_set_client = @saved_cs_client */;

--
-- Dumping data for table `tablas_usuariosinventario`
--

LOCK TABLES `tablas_usuariosinventario` WRITE;
/*!40000 ALTER TABLE `tablas_usuariosinventario` DISABLE KEYS */;
INSERT INTO `tablas_usuariosinventario` VALUES (1,'CAROCEL'),(2,'SOLARFA'),(3,'DURANED'),(4,'NOZIGRO'),(5,'SCHOLRN'),(6,'HERREJI'),(7,'FERRASE'),(8,'MUENCMA'),(9,'GARCINY'),(10,'GOMEZDN'),(11,'NAVARSE'),(12,'PEONCL'),(13,'RAMOSKA'),(14,'BURGOJU'),(15,'HURTASE'),(16,'KULKAAN'),(17,'JESSICA ROJAS'),(18,'REBECA JIMENEZ'),(19,'GONZALO OLMEDO'),(20,'BLANCA CORTS'),(21,'KATERINA FARIAS'),(22,'COMEDOR'),(23,'DESCONOCIDO'),(24,'AARON LOPEZ'),(25,'L4 H. TAMURA'),(26,'L4 SALES'),(27,'L3 R. DIAZ'),(28,'L3'),(29,'SALA REUNION 4P'),(30,'SALA REUNION 6P'),(31,'L2'),(32,'ANA MARA HENRIQUEZ'),(33,'SALA 1'),(34,'L4'),(35,'ASISTENTE'),(36,'');
/*!40000 ALTER TABLE `tablas_usuariosinventario` ENABLE KEYS */;
UNLOCK TABLES;

--
-- Table structure for table `tablas_zonas`
--

DROP TABLE IF EXISTS `tablas_zonas`;
/*!40101 SET @saved_cs_client     = @@character_set_client */;
/*!50503 SET character_set_client = utf8mb4 */;
CREATE TABLE `tablas_zonas` (
  `id` bigint(20) NOT NULL AUTO_INCREMENT,
  `nombre` varchar(45) COLLATE utf8mb4_general_ci NOT NULL,
  PRIMARY KEY (`id`)
) ENGINE=InnoDB AUTO_INCREMENT=26 DEFAULT CHARSET=utf8mb4 COLLATE=utf8mb4_general_ci;
/*!40101 SET character_set_client = @saved_cs_client */;

--
-- Dumping data for table `tablas_zonas`
--

LOCK TABLES `tablas_zonas` WRITE;
/*!40000 ALTER TABLE `tablas_zonas` DISABLE KEYS */;
INSERT INTO `tablas_zonas` VALUES (1,'N/A'),(2,'CAFETERIA'),(3,'PACFICO'),(4,'LOS ANDES'),(5,'OFICINA DEP LEGAL'),(6,'OFICINA DIRECTOR BA AREA CHILE'),(7,'ASISTENTE'),(8,'OPEN PLAN'),(9,'COCINA'),(10,'OFICINA'),(11,'OPEN PLAN 8 PP'),(12,'OFICINA MD RLA'),(13,'OFICINA MD AREA CHILE'),(14,'ZONA DE SERVICIO'),(15,'PISO 9'),(16,'ACCESO'),(17,'OFICINA DIRECTOR BA'),(18,'SALA DIRECTORIO'),(19,'COMEDOR'),(20,'S.REUNION'),(21,'RECEPCION'),(22,'CAPACITACION'),(23,'SALA PERSONAL DE ASEO'),(24,'MEETING POD 1'),(25,'STAND UP COFEE MEET');
/*!40000 ALTER TABLE `tablas_zonas` ENABLE KEYS */;
UNLOCK TABLES;

--
-- Table structure for table `usuarios_personas`
--

DROP TABLE IF EXISTS `usuarios_personas`;
/*!40101 SET @saved_cs_client     = @@character_set_client */;
/*!50503 SET character_set_client = utf8mb4 */;
CREATE TABLE `usuarios_personas` (
  `id` bigint(20) NOT NULL AUTO_INCREMENT,
  `username` varchar(20) COLLATE utf8mb4_general_ci DEFAULT NULL,
  `nombres` varchar(90) COLLATE utf8mb4_general_ci DEFAULT NULL,
  `apellidos` varchar(90) COLLATE utf8mb4_general_ci DEFAULT NULL,
  `email` varchar(90) COLLATE utf8mb4_general_ci DEFAULT NULL,
  `estado` varchar(1) COLLATE utf8mb4_general_ci NOT NULL,
  `perfil` varchar(1) COLLATE utf8mb4_general_ci NOT NULL,
  `cclave` smallint(5) unsigned NOT NULL,
  `token` varchar(64) COLLATE utf8mb4_general_ci DEFAULT NULL,
  `usuario_id` int(11) DEFAULT NULL,
  `pais_id` bigint(20) DEFAULT NULL,
  `tipoactivo` varchar(1) COLLATE utf8mb4_general_ci NOT NULL,
  `area_id` bigint(20) DEFAULT NULL,
  PRIMARY KEY (`id`),
  UNIQUE KEY `usuario_id` (`usuario_id`),
  KEY `usuarios_personas_pais_id_012cce55_fk_tablas_paises_id` (`pais_id`),
  KEY `usuarios_personas_area_id_a06f90a4_fk_hlag_areas_id` (`area_id`),
  CONSTRAINT `usuarios_personas_area_id_a06f90a4_fk_tablas_nombresareas_id` FOREIGN KEY (`area_id`) REFERENCES `tablas_nombresareas` (`id`),
  CONSTRAINT `usuarios_personas_pais_id_012cce55_fk_tablas_paises_id` FOREIGN KEY (`pais_id`) REFERENCES `tablas_paises` (`id`),
  CONSTRAINT `usuarios_personas_usuario_id_d98790c7_fk_auth_user_id` FOREIGN KEY (`usuario_id`) REFERENCES `auth_user` (`id`),
  CONSTRAINT `usuarios_personas_chk_1` CHECK ((`cclave` >= 0))
) ENGINE=InnoDB AUTO_INCREMENT=4 DEFAULT CHARSET=utf8mb4 COLLATE=utf8mb4_general_ci;
/*!40101 SET character_set_client = @saved_cs_client */;

--
-- Dumping data for table `usuarios_personas`
--

LOCK TABLES `usuarios_personas` WRITE;
/*!40000 ALTER TABLE `usuarios_personas` DISABLE KEYS */;
INSERT INTO `usuarios_personas` VALUES (1,'administrador','Eduardo','Duran','aconlledo@vilco.cl','1','1',0,'',1,1,'0',1),(3,'aconlledo','Armando','Conlledo','aconlledo@vilco.cl','1','0',0,'',10,1,'1',1);
/*!40000 ALTER TABLE `usuarios_personas` ENABLE KEYS */;
UNLOCK TABLES;
/*!40103 SET TIME_ZONE=@OLD_TIME_ZONE */;

/*!40101 SET SQL_MODE=@OLD_SQL_MODE */;
/*!40014 SET FOREIGN_KEY_CHECKS=@OLD_FOREIGN_KEY_CHECKS */;
/*!40014 SET UNIQUE_CHECKS=@OLD_UNIQUE_CHECKS */;
/*!40101 SET CHARACTER_SET_CLIENT=@OLD_CHARACTER_SET_CLIENT */;
/*!40101 SET CHARACTER_SET_RESULTS=@OLD_CHARACTER_SET_RESULTS */;
/*!40101 SET COLLATION_CONNECTION=@OLD_COLLATION_CONNECTION */;
/*!40111 SET SQL_NOTES=@OLD_SQL_NOTES */;

-- Dump completed on 2025-12-03 16:40:41
